gsis_id,position,full_name,mean,p90,n_weeks,blend_70_30,p_elite,actual_total,actual_n_weeks,rank_mean,rank_p90,rank_blend_70_30,rank_p_elite,actual_rank,season
00-0034796,QB,Lamar Jackson,427.0280923316656,472.68516615699343,19,440.72521447926397,0.9822,469.54,19,1.0,1.0,1.0,1.0,1.0,2024
00-0036389,QB,Jalen Hurts,399.8344954590695,444.9584685099053,21,413.37168737432023,0.9025,411.56,19,2.0,2.0,2.0,2.0,4.0,2024
00-0034857,QB,Josh Allen,386.24926776419727,430.6278361785342,20,399.56283828849837,0.8208,434.28000000000003,19,3.0,3.0,3.0,3.0,2.0,2024
00-0039910,QB,Jayden Daniels,379.2101930800474,424.06685672106295,20,392.6671921723521,0.7586,420.2,20,4.0,4.0,4.0,4.0,3.0,2024
00-0034844,RB,Saquon Barkley,361.2573631453689,400.9130066833888,21,373.15405620677484,0.9924,449.7,20,1.0,1.0,1.0,1.0,1.0,2024
00-0033873,QB,Patrick Mahomes,356.0238734568355,396.4444361489142,20,368.15004226445905,0.5115,342.38,19,5.0,5.0,5.0,5.0,7.0,2024
00-0033106,QB,Jared Goff,318.0148692720809,355.6867721611934,18,329.31644013881464,0.1076,331.68,18,6.0,6.0,6.0,6.0,8.0,2024
00-0034855,QB,Baker Mayfield,317.1756214680465,354.995507414588,18,328.5215872520089,0.1046,379.5,18,7.0,7.0,7.0,7.0,5.0,2024
00-0037834,QB,Brock Purdy,305.4193678079432,342.64755791225934,17,316.587824839238,0.0497,266.86,15,8.0,8.0,8.0,8.0,13.0,2024
00-0036442,QB,Joe Burrow,297.2975927187019,334.02388651704985,17,308.31548085820623,0.025,372.82,17,9.0,9.0,9.0,9.0,6.0,2024
00-0039163,QB,C.J. Stroud,295.5881608993738,332.32512567972566,19,306.60925033347934,0.0216,251.86,19,10.0,10.0,10.0,11.0,16.0,2024
00-0034869,QB,Sam Darnold,295.1867605724653,331.9906300613349,18,306.2279214191262,0.0236,319.65999999999997,18,11.0,11.0,11.0,10.0,10.0,2024
00-0026498,QB,Matthew Stafford,291.12518840836174,327.10194129201426,19,301.91821427345747,0.0104,250.3,18,12.0,12.0,12.0,14.0,17.0,2024
00-0036264,QB,Jordan Love,288.94092306156864,324.61307935747186,18,299.64256995033963,0.0108,231.34,16,13.0,14.0,13.0,13.0,19.0,2024
00-0037840,RB,Kyren Williams,287.8907634642075,324.99922246350565,19,299.02330116399696,0.4651,299.79999999999995,18,2.0,2.0,2.0,2.0,8.0,2024
00-0036963,WR,Amon-Ra St. Brown,286.8766449282053,321.84630525802925,18,297.36754302715246,0.1381,337.88,18,1.0,1.0,1.0,1.0,2.0,2024
00-0035228,QB,Kyler Murray,286.7253784112079,324.741289817906,17,298.1301518332173,0.0141,295.24,17,14.0,13.0,14.0,12.0,11.0,2024
00-0033897,RB,Joe Mixon,286.4198295546857,323.27557438016817,19,297.47655300233043,0.4408,275.4,16,3.0,3.0,3.0,3.0,9.0,2024
00-0039732,QB,Bo Nix,283.93654652077544,321.8336540507574,18,295.30567877977,0.0082,331.26,18,15.0,15.0,15.0,15.0,9.0,2024
00-0030565,QB,Geno Smith,280.4193739528636,316.32607623277715,17,291.19138463683765,0.0046,266.0,17,16.0,16.0,16.0,16.0,14.0,2024
00-0035676,WR,A.J. Brown,279.76531513117726,315.36017467018735,21,290.44377299288027,0.0929,257.2,17,2.0,2.0,2.0,2.0,11.0,2024
00-0038542,RB,Bijan Robinson,279.4311399155575,315.6058541961162,17,290.2835541997251,0.345,339.7,17,4.0,4.0,4.0,4.0,4.0,2024
00-0038120,RB,Breece Hall,276.8111531652892,313.66978306253765,17,287.86874213446373,0.3159,236.9,16,5.0,5.0,5.0,5.0,17.0,2024
00-0036355,QB,Justin Herbert,276.3033141882466,312.2704729516045,18,287.09346181725397,0.0042,285.08,18,17.0,17.0,17.0,17.0,12.0,2024
00-0032764,RB,Derrick Henry,275.6375425024138,311.3782531617521,19,286.35975570021526,0.2991,381.4,19,6.0,6.0,6.0,6.0,3.0,2024
00-0036322,WR,Justin Jefferson,274.8686507962452,310.18178595122623,18,285.46259134273953,0.0678,328.28,18,3.0,3.0,3.0,3.0,3.0,2024
00-0039164,QB,Anthony Richardson,271.6592766749744,310.25901513964595,17,283.23919821437585,0.0042,161.36,11,18.0,18.0,18.0,17.0,25.0,2024
00-0039064,WR,Zay Flowers,269.9958689542117,304.4825910927373,19,280.3418855957693,0.0458,209.5,17,4.0,4.0,4.0,4.0,29.0,2024
00-0033906,RB,Alvin Kamara,269.4374945224469,305.0834998471428,17,280.1312961198557,0.2289,265.3,14,7.0,7.0,7.0,7.0,10.0,2024
00-0037248,RB,James Cook,264.27339343789055,300.5796481480839,20,275.1652698509485,0.1794,324.3,19,8.0,8.0,8.0,8.0,5.0,2024
00-0033293,RB,Aaron Jones,259.79277772177073,295.28498513393595,18,270.4404399454203,0.1343,250.6,18,9.0,10.0,9.0,9.0,13.0,2024
00-0039337,WR,Malik Nabers,259.12871106372074,290.9994116244705,17,268.6899212319456,0.0106,271.6,15,5.0,5.0,5.0,5.0,8.0,2024
00-0039139,RB,Jahmyr Gibbs,258.7478564567813,295.288108222226,18,269.7099319864147,0.1341,390.4,18,10.0,9.0,10.0,10.0,2.0,2024
00-0029604,QB,Kirk Cousins,256.77628486772005,291.270994266658,17,267.1246976874014,0.0,176.32,14,19.0,20.0,19.0,21.0,23.0,2024
00-0039918,QB,Caleb Williams,255.81625815303195,291.57727771259005,17,266.5445640208994,0.0002,248.54000000000002,17,20.0,19.0,20.0,19.0,18.0,2024
00-0036358,WR,CeeDee Lamb,255.26604159131415,287.5557339789617,16,264.9529493076084,0.0076,261.40000000000003,15,6.0,6.0,6.0,7.0,10.0,2024
00-0036223,RB,Jonathan Taylor,255.1592204395396,288.87344077620133,17,265.2734865405381,0.092,246.7,14,11.0,11.0,11.0,11.0,15.0,2024
00-0035659,WR,Terry McLaurin,252.66606640825825,286.96657842908445,20,262.9562200145061,0.0099,322.5,20,7.0,7.0,7.0,6.0,4.0,2024
00-0037740,WR,Garrett Wilson,251.94750681417213,284.65499205982,17,261.75975238786646,0.0068,249.9,17,8.0,8.0,8.0,9.0,15.0,2024
00-0036900,WR,Ja'Marr Chase,250.7424409755705,283.80361637692295,17,260.6607935959762,0.0074,403.0,17,9.0,9.0,9.0,8.0,1.0,2024
00-0030506,TE,Travis Kelce,250.51752221573557,282.6636698165795,20,260.1613664959888,0.9768,231.9,19,1.0,1.0,1.0,1.0,4.0,2024
00-0035700,RB,Josh Jacobs,248.00262982300356,282.20112101559545,18,258.2621771807811,0.0599,314.2,18,12.0,12.0,12.0,12.0,6.0,2024
00-0036912,WR,DeVonta Smith,247.0542499051897,280.5086914908404,19,257.0905823808849,0.0041,240.4,17,10.0,10.0,10.0,10.0,17.0,2024
00-0036555,RB,Chuba Hubbard,243.91930828437503,277.28991821722576,16,253.93049126423023,0.0384,239.6,15,13.0,13.0,13.0,14.0,16.0,2024
00-0038134,RB,Kenneth Walker III,242.378120403654,276.85320294881154,16,252.72064516720127,0.043,181.20000000000002,11,14.0,14.0,14.0,13.0,29.0,2024
00-0032950,QB,Carson Wentz,242.01328403391693,280.8351066004793,20,253.65983080388563,0.0001,4.72,2,21.0,21.0,21.0,20.0,65.0,2024
00-0035261,RB,Tony Pollard,240.121813738996,273.2734404864389,17,250.06730176322887,0.0334,198.7,16,15.0,15.0,15.0,15.0,22.0,2024
00-0033553,RB,James Conner,238.7065494416005,272.459060911171,17,248.8323028824716,0.0259,249.8,16,16.0,16.0,16.0,17.0,14.0,2024
00-0029263,QB,Russell Wilson,238.00058953188568,272.54054853957297,16,248.36257723419186,0.0,192.18,12,22.0,22.0,22.0,21.0,21.0,2024
00-0037238,WR,Drake London,236.95224013530063,268.9851031411468,17,246.56209903705445,0.0007,280.8,17,11.0,11.0,11.0,11.0,5.0,2024
00-0039040,RB,De'Von Achane,235.38059446330277,270.3696805058042,17,245.87732027605318,0.0262,299.9,17,17.0,17.0,17.0,16.0,7.0,2024
00-0031280,QB,Derek Carr,233.80619116760684,267.4846658567762,17,243.90973357435763,0.0,148.9,10,23.0,23.0,23.0,21.0,26.0,2024
00-0023459,QB,Aaron Rodgers,233.64271746325383,267.2729542164972,17,243.73178848922686,0.0,252.57999999999998,17,24.0,24.0,24.0,21.0,15.0,2024
00-0036410,WR,Tee Higgins,231.0302449597177,262.18873697637605,17,240.37779256471518,0.0001,222.1,12,12.0,13.0,13.0,15.0,23.0,2024
00-0033908,WR,Cooper Kupp,231.0273362802685,262.4773721310896,16,240.46234703551482,0.0003,190.0,14,13.0,12.0,12.0,12.0,36.0,2024
00-0037744,TE,Trey McBride,229.57955938219845,259.635541286301,17,238.59635395342923,0.8665,243.8,16,2.0,2.0,2.0,2.0,2.0,2024
00-0036945,QB,Justin Fields,227.87579603992413,264.3756068092504,18,238.825739270722,0.0,119.14,11,25.0,25.0,25.0,21.0,30.0,2024
00-0034827,WR,D.J. Moore,226.84278052207372,257.19029369662525,17,235.94703447443914,0.0001,236.1,17,14.0,15.0,14.0,15.0,20.0,2024
00-0038597,RB,Chase Brown,226.641234996216,260.2961380910345,17,236.73770592466155,0.0102,253.0,16,18.0,18.0,18.0,18.0,12.0,2024
00-0037247,WR,George Pickens,226.50327051382047,257.6409508458972,18,235.84457461344346,0.0003,184.1,15,15.0,14.0,15.0,12.0,38.0,2024
00-0034348,WR,Courtland Sutton,224.91824469499943,255.72140480881316,18,234.1591927291435,0.0,252.8,17,16.0,16.0,16.0,21.0,14.0,2024
00-0035640,WR,DK Metcalf,224.0531273826521,255.3379845269548,17,233.43858452594287,0.0003,191.2,15,17.0,17.0,17.0,12.0,35.0,2024
00-0035685,RB,David Montgomery,222.8358591341392,257.0843591383683,18,233.11040913540796,0.0073,225.32,15,19.0,20.0,20.0,20.0,18.0,2024
00-0037746,RB,Brian Robinson,222.7230205820124,257.35406754112495,20,233.11233466974613,0.0076,190.9,17,20.0,19.0,19.0,19.0,25.0,2024
00-0039338,TE,Brock Bowers,221.6376264229461,251.20134189095612,17,230.5067410633491,0.7888,262.7,17,3.0,3.0,3.0,3.0,1.0,2024
00-0033040,WR,Tyreek Hill,221.6094637136099,252.33320639678544,17,230.82658651856252,0.0001,218.2,17,18.0,18.0,18.0,15.0,25.0,2024
00-0038543,WR,Jaxon Smith-Njigba,221.1228633583301,250.80158831385688,17,230.02648084498813,0.0001,253.0,17,19.0,20.0,19.0,15.0,13.0,2024
00-0031381,WR,Davante Adams,220.8420962695011,250.5708894601584,16,229.76073422669828,0.0,239.29999999999998,14,20.0,21.0,20.0,21.0,18.0,2024
00-0037256,RB,Rachaad White,220.413106962994,254.27577015704392,18,230.57190592120895,0.0056,203.1,16,21.0,21.0,21.0,21.0,21.0,2024
00-0031408,WR,Mike Evans,219.4865016749408,251.78493165276868,18,229.17603066828914,0.0001,262.6,15,21.0,19.0,21.0,15.0,9.0,2024
00-0036893,RB,Najee Harris,217.24985825035336,249.7359272991506,18,226.99567896499252,0.0024,213.4,18,22.0,22.0,22.0,22.0,19.0,2024
00-0031544,WR,Amari Cooper,213.97306012788164,244.70919958932743,20,223.19390196631537,0.0001,132.8,16,22.0,22.0,22.0,15.0,58.0,2024
00-0037261,WR,Khalil Shakir,212.43195375123636,242.6227635980535,20,221.48919670528147,0.0,217.9,18,23.0,24.0,23.0,21.0,26.0,2024
00-0036309,WR,Darnell Mooney,211.6645893297267,242.7900366397296,17,221.00222352272755,0.0,193.2,16,24.0,23.0,24.0,21.0,34.0,2024
00-0032436,QB,Jeff Driskel,208.37465161215303,244.80041196322568,20,219.30237971747482,0.0,0.0,0,26.0,26.0,26.0,21.0,73.0,2024
00-0036997,RB,Javonte Williams,208.33926097179557,240.69168510937877,18,218.04498821307052,0.0014,164.2,18,23.0,23.0,23.0,23.0,31.0,2024
00-0036275,RB,D'Andre Swift,207.10333826306345,237.8610576668436,17,216.33065408419748,0.0006,212.5,17,24.0,24.0,24.0,24.0,20.0,2024
00-0030279,WR,Keenan Allen,206.05068258513728,234.9282135337513,17,214.71394186972148,0.0,184.4,15,25.0,25.0,25.0,21.0,37.0,2024
00-0034771,QB,Mason Rudolph,205.6907665484799,239.644643431565,17,215.87692961340542,0.0,93.8,8,27.0,28.0,27.0,21.0,37.0,2024
00-0035282,QB,Easton Stick,204.9983351715758,239.7133419953784,15,215.41283721871656,0.0,0.0,0,28.0,27.0,28.0,21.0,73.0,2024
00-0039075,WR,Puka Nacua,203.3600584087068,232.90377804495552,14,212.2231742995814,0.0,232.4,13,26.0,26.0,26.0,21.0,21.0,2024
00-0036212,QB,Tua Tagovailoa,202.04399558971048,232.13474203292415,13,211.07121952267457,0.0,177.58,11,29.0,31.0,31.0,21.0,22.0,2024
00-0028118,QB,Tyrod Taylor,201.47867615892687,237.1287064824489,17,212.17368525598346,0.0,18.06,2,30.0,29.0,29.0,21.0,54.0,2024
00-0026158,QB,Joe Flacco,201.3618025349342,236.78562004888727,17,211.98894778912012,0.0,99.04,7,31.0,30.0,30.0,21.0,34.0,2024
00-0033885,TE,David Njoku,200.6618663492881,228.6713821259691,17,209.06472108229238,0.4357,144.5,11,4.0,4.0,4.0,4.0,15.0,2024
00-0039361,RB,Bucky Irving,199.49971238495505,231.9265239735693,18,209.2277558615393,0.0003,260.7,18,25.0,25.0,25.0,25.0,11.0,2024
00-0038117,WR,Wan'Dale Robinson,198.34944563677152,225.83979035780604,17,206.59654905308184,0.0,182.70000000000002,17,27.0,29.0,27.0,21.0,39.0,2024
00-0036973,RB,Travis Etienne,197.86763942608195,228.95803441255276,17,207.1947579220232,0.0,130.2,15,26.0,26.0,26.0,26.0,37.0,2024
00-0038994,WR,Jordan Addison,197.33346385837385,227.4201324533672,18,206.35946443687186,0.0,218.4,16,28.0,27.0,28.0,21.0,24.0,2024
00-0034837,WR,Calvin Ridley,196.79417180543976,225.9019140975824,17,205.5264944930825,0.0,199.20000000000002,17,29.0,28.0,29.0,21.0,32.0,2024
00-0039152,QB,Will Levis,193.50871886447592,225.8936263491,17,203.2241911098631,0.0,117.94,12,32.0,32.0,32.0,21.0,31.0,2024
00-0036252,WR,Michael Pittman,192.7824095890087,221.9593125949774,17,201.5354804907993,0.0,165.8,16,30.0,30.0,30.0,21.0,42.0,2024
00-0039894,WR,Xavier Worthy,192.4416089205755,221.4307617370699,20,201.13835476552381,0.0,253.7,19,31.0,31.0,31.0,21.0,12.0,2024
00-0039851,QB,Drake Maye,190.96433043239853,224.0133278226752,17,200.87902964948154,0.0,173.14,13,33.0,33.0,33.0,21.0,24.0,2024
00-0027973,QB,Andy Dalton,189.7554941023488,222.097886057652,17,199.45821168893974,0.0,58.96,6,34.0,34.0,34.0,21.0,43.0,2024
00-0039893,WR,Brian Thomas Jr.,188.8032861490124,216.6349473896178,17,197.152784521194,0.0,280.0,17,32.0,33.0,33.0,21.0,6.0,2024
00-0036259,WR,Jauan Jennings,188.68450403017056,217.2356541442307,17,197.24984906438857,0.0,210.5,15,33.0,32.0,32.0,21.0,28.0,2024
00-0036875,RB,Rhamondre Stevenson,188.6518399076878,218.71310188107776,15,197.6702184997048,0.0,171.9,15,27.0,27.0,27.0,26.0,30.0,2024
00-0038129,TE,Cade Otton,188.4084333678375,216.4995265321559,18,196.835761317133,0.2385,145.8,15,5.0,5.0,5.0,5.0,13.0,2024
00-0036139,RB,Rico Dowdle,187.29799982202076,217.8541817909073,17,196.4648544126867,0.0,197.8,16,28.0,28.0,28.0,26.0,23.0,2024
00-0039150,QB,Bryce Young,186.77733651489532,220.8552926757566,17,197.0007233631537,0.0,195.01999999999998,14,35.0,35.0,35.0,21.0,20.0,2024
00-0036971,QB,Trevor Lawrence,185.9478246222554,215.53193366345084,13,194.82305733461402,0.0,139.7,10,36.0,36.0,36.0,21.0,27.0,2024
00-0034960,WR,Jakobi Meyers,184.31731858626,211.43423493919175,15,192.45239349213952,0.0,216.0,15,34.0,35.0,34.0,21.0,27.0,2024
00-0036407,WR,Jerry Jeudy,183.95704258301708,210.7594574903065,17,191.9977670552039,0.0,236.9,17,35.0,36.0,36.0,21.0,19.0,2024
00-0038041,TE,Jake Ferguson,183.85267573077851,210.67078989237035,17,191.89810997925608,0.1694,104.4,14,6.0,6.0,6.0,6.0,27.0,2024
00-0039849,WR,Marvin Harrison Jr.,183.3628800433953,212.5984867211541,17,192.13356204672294,0.0,196.5,17,36.0,34.0,35.0,21.0,33.0,2024
00-0038997,WR,Josh Downs,182.754379284723,210.1023452489569,17,190.95876907399315,0.0,182.2,14,37.0,38.0,37.0,21.0,40.0,2024
00-0038933,TE,Dalton Kincaid,181.901639414258,208.93642792007705,20,190.0120759660037,0.1519,113.9,16,7.0,7.0,7.0,7.0,23.0,2024
00-0036550,WR,Rashod Bateman,181.86400289792888,210.6164985440116,19,190.4897515917537,0.0,201.60000000000002,18,38.0,37.0,38.0,21.0,31.0,2024
00-0039165,RB,Zach Charbonnet,177.74068255584652,208.92802032957144,17,187.09688388796397,0.0,183.70000000000002,17,29.0,29.0,29.0,26.0,26.0,2024
00-0038476,QB,Tommy DeVito,177.011197839452,211.13849392601304,17,187.2493866654203,0.0,13.48,2,37.0,37.0,37.0,21.0,58.0,2024
00-0030061,TE,Zach Ertz,176.14975490546422,203.5581860654705,20,184.3722842534661,0.1003,212.9,20,8.0,8.0,8.0,8.0,6.0,2024
00-0039901,WR,Keon Coleman,175.9574905347302,204.8221745119654,20,184.61689572790073,0.0,114.7,16,39.0,39.0,39.0,21.0,73.0,2024
00-0037013,QB,Zach Wilson,175.7067202003062,208.5054268717108,18,185.54633220172755,0.0,0.0,0,38.0,39.0,38.0,21.0,73.0,2024
00-0035100,QB,Jake Browning,175.5701539798516,208.3156465820825,17,185.39380176052086,0.0,-0.2,2,39.0,41.0,39.0,21.0,82.0,2024
00-0039146,WR,Jayden Reed,174.70623390204256,202.65407682139556,18,183.09058677784844,0.0,205.6,18,40.0,40.0,40.0,21.0,30.0,2024
00-0038102,QB,Kenny Pickett,174.625160318556,208.5010357722233,21,184.78792295465618,0.0,24.439999999999998,7,40.0,40.0,41.0,21.0,50.0,2024
00-0038128,QB,Malik Willis,174.3168060246972,210.07649418629973,18,185.04471247317795,0.0,51.8,6,41.0,38.0,40.0,21.0,44.0,2024
00-0034975,RB,Justice Hill,172.51795909988908,203.52308324345543,19,181.81949634295898,0.0,147.3,17,30.0,30.0,30.0,26.0,33.0,2024
00-0034407,WR,Ray-Ray McCloud,170.2437177977392,197.89058622162003,17,178.53777832490346,0.0,142.5,17,41.0,41.0,41.0,21.0,50.0,2024
00-0038977,WR,Tank Dell,170.15878860075912,197.48532200817823,16,178.35674862298484,0.0,140.0,14,42.0,42.0,42.0,21.0,52.0,2024
00-0032775,WR,Demarcus Robinson,168.92001296596175,196.95582227233623,19,177.33075575787407,0.0,137.2,19,43.0,43.0,43.0,21.0,55.0,2024
00-0036613,WR,Jaylen Waddle,167.6715380056262,194.6074453533376,17,175.7523102099396,0.0,145.6,15,44.0,44.0,44.0,21.0,48.0,2024
00-0031503,QB,Jameis Winston,167.3964544211723,198.09612051537445,17,176.60635424943294,0.0,123.14,11,42.0,42.0,42.0,21.0,29.0,2024
00-0033288,TE,George Kittle,166.88998831138807,192.84791261016952,14,174.6773656010225,0.0379,236.6,15,9.0,9.0,9.0,9.0,3.0,2024
00-0038416,QB,Tyson Bagent,164.86310082740934,197.4170891330981,17,174.62929731911595,0.0,-0.26,4,43.0,44.0,43.0,21.0,84.0,2024
00-0038544,WR,Quentin Johnston,164.6535241526226,191.12475988381223,18,172.59489487197948,0.0,174.70000000000002,16,45.0,45.0,45.0,21.0,41.0,2024
00-0035264,QB,Jarrett Stidham,164.13711662383116,197.6019339752538,18,174.17656182925793,0.0,0.49999999999999994,2,44.0,43.0,44.0,21.0,72.0,2024
00-0039065,TE,Sam LaPorta,163.9865357674323,190.0913643638341,18,171.8179843463528,0.0296,191.7,17,10.0,10.0,10.0,10.0,8.0,2024
00-0035719,WR,Deebo Samuel,163.46145321756083,190.45824523902195,14,171.56049082399915,0.0,155.6,14,46.0,47.0,46.0,21.0,45.0,2024
00-0037816,WR,Romeo Doubs,163.37528909237835,190.61702117538937,17,171.54780871728164,0.0,133.4,14,47.0,46.0,47.0,21.0,57.0,2024
00-0033119,QB,Jacoby Brissett,163.0702851050113,194.27246909482471,17,172.4309403019553,0.0,43.24,7,45.0,45.0,45.0,21.0,47.0,2024
00-0039384,RB,Tyrone Tracy,162.43187023108896,191.562791711364,17,171.17114667517149,0.0,182.3,17,31.0,31.0,31.0,26.0,28.0,2024
00-0037267,RB,Jerome Ford,161.91243124242806,191.0038936553116,17,170.6398699662931,0.0,134.0,14,32.0,32.0,32.0,26.0,35.0,2024
00-0039376,QB,Spencer Rattler,160.43933301944347,192.1550758658428,17,169.95405587336325,0.0,67.28,7,46.0,46.0,46.0,21.0,41.0,2024
00-0033090,TE,Hunter Henry,160.08501078466915,185.21595177290837,17,167.6242930811409,0.0155,145.4,16,11.0,11.0,11.0,11.0,14.0,2024
00-0033923,RB,Kareem Hunt,160.01457686987894,189.28325440171795,15,168.79518012943063,0.0,183.4,16,33.0,33.0,33.0,26.0,27.0,2024
00-0033858,TE,Jonnu Smith,158.3690065942739,183.7534318340051,17,165.98433416619326,0.0145,222.3,17,12.0,12.0,12.0,12.0,5.0,2024
00-0035710,QB,Daniel Jones,158.12472911422887,186.828106089428,11,166.73574220678861,0.0,135.3,10,47.0,47.0,47.0,21.0,28.0,2024
00-0035250,RB,Devin Singletary,156.24978728909346,184.7657325239209,17,164.80457085954168,0.0,96.6,15,34.0,34.0,34.0,26.0,49.0,2024
00-0038559,WR,Michael Wilson,156.18968386590743,182.6605043153136,17,164.13093000072928,0.0,124.5,16,48.0,48.0,48.0,21.0,64.0,2024
00-0039919,WR,Rome Odunze,156.11032433020728,182.4830346100732,17,164.02213741416705,0.0,144.9,17,49.0,49.0,49.0,21.0,49.0,2024
00-0032211,WR,Tyler Lockett,154.57877115498857,180.88395329663535,17,162.4703257974826,0.0,121.0,17,50.0,50.0,50.0,21.0,66.0,2024
00-0036972,QB,Mac Jones,153.81020616938,186.09997930114005,17,163.49713810890802,0.0,94.08,10,48.0,48.0,48.0,21.0,36.0,2024
00-0036158,RB,J.K. Dobbins,152.98906109593173,180.99562321360625,12,161.39102973123408,0.0,194.4,14,35.0,35.0,35.0,26.0,24.0,2024
00-0034383,TE,Dalton Schultz,152.79018757799253,178.05759961503452,19,160.3704111891051,0.0075,132.8,19,13.0,13.0,13.0,13.0,17.0,2024
00-0035535,WR,Darius Slayton,152.41639097839607,178.85904328400028,17,160.34918667007733,0.0,110.0,16,51.0,51.0,51.0,21.0,75.0,2024
00-0033077,QB,Dak Prescott,152.38610741589005,178.22249332182614,10,160.13702318767088,0.0,116.52,8,49.0,51.0,49.0,21.0,32.0,2024
00-0039915,WR,Ladd McConkey,152.2849555623341,178.42213353157044,15,160.126108953105,0.0,273.6,17,52.0,52.0,52.0,21.0,7.0,2024
00-0033881,TE,Evan Engram,150.56216784811235,175.10137479689757,14,157.9239299327479,0.0038,87.5,9,14.0,14.0,14.0,14.0,34.0,2024
00-0037664,WR,Alec Pierce,149.22670519489805,176.6784558317529,17,157.46223038595448,0.0,161.4,16,53.0,53.0,53.0,21.0,43.0,2024
00-0038563,WR,Tre Tucker,148.54457522932563,173.79619643505737,17,156.12006159104516,0.0,129.3,17,54.0,54.0,54.0,21.0,60.0,2024
00-0033319,QB,Nick Mullens,147.9464223164014,179.14594933888336,18,157.30628042314598,0.0,1.32,4,50.0,49.0,50.0,21.0,68.0,2024
00-0035704,QB,Drew Lock,147.74927040292434,179.01599456667907,17,157.12928765205075,0.0,78.14,7,51.0,50.0,51.0,21.0,39.0,2024
00-0037228,RB,Jaylen Warren,147.67793704458688,175.8115231772437,18,156.11801288438392,0.0,130.6,16,36.0,36.0,36.0,26.0,36.0,2024
00-0034955,QB,Brett Rypien,146.4909345402638,177.87639062608787,17,155.906571366011,0.0,0.0,0,52.0,52.0,52.0,21.0,73.0,2024
00-0038621,WR,Demario Douglas,146.43001080611447,170.3865548780661,17,153.61697402769994,0.0,147.7,16,55.0,55.0,55.0,21.0,47.0,2024
00-0037077,QB,Sam Howell,146.0438063851481,177.70318931983357,17,155.54162126555372,0.0,-0.8400000000000001,1,53.0,53.0,53.0,21.0,85.0,2024
00-0037838,TE,Isaiah Likely,145.40748738836953,171.2898154903542,19,153.17218581896492,0.0028,149.3,17,15.0,15.0,15.0,15.0,12.0,2024
00-0030564,WR,DeAndre Hopkins,145.1256535195983,169.67856687271436,19,152.49152752553312,0.0,158.9,19,56.0,56.0,56.0,21.0,44.0,2024
00-0032268,QB,Marcus Mariota,144.74562522283517,174.77267191982804,13,153.75373923193303,0.0,45.86,5,54.0,54.0,54.0,21.0,45.0,2024
00-0033949,QB,Joshua Dobbs,143.985400535832,173.58243254985567,14,152.8645101400391,0.0,30.839999999999996,2,55.0,55.0,55.0,21.0,48.0,2024
00-0034351,TE,Dallas Goedert,143.73049222146878,167.96728496153344,14,151.00153004348817,0.0016,149.4,14,16.0,16.0,16.0,16.0,11.0,2024
00-0038124,WR,Christian Watson,142.80741206024825,168.42596048044382,18,150.49297658630692,0.0,103.3,14,57.0,57.0,57.0,21.0,79.0,2024
00-0033662,QB,Cooper Rush,142.31272972902065,171.67473420042325,17,151.1213310704414,0.0,107.56,12,56.0,56.0,56.0,21.0,33.0,2024
00-0036980,WR,Elijah Moore,142.26530377832037,166.1262896871726,17,149.42359955097604,0.0,120.9,17,58.0,60.0,59.0,21.0,67.0,2024
00-0039424,WR,Devaughn Vele,142.17780472935084,166.7924351196922,18,149.56219384645323,0.0,106.5,14,59.0,58.0,58.0,21.0,77.0,2024
00-0039342,WR,Xavier Legette,142.04693487243475,166.28309209137896,17,149.31778203811803,0.0,125.10000000000001,15,60.0,59.0,60.0,21.0,63.0,2024
00-0038996,TE,Tucker Kraft,141.92974161394486,166.7084642140865,18,149.36335839398734,0.0012,169.9,18,17.0,17.0,17.0,17.0,10.0,2024
00-0038579,QB,Aidan O'Connell,139.66087522472358,168.15960621645124,13,148.21049452224187,0.0,93.48,9,57.0,57.0,57.0,21.0,38.0,2024
00-0039855,WR,Jalen McMillan,139.41274684744133,164.84296818550905,18,147.04181324886164,0.0,141.5,14,61.0,61.0,61.0,21.0,51.0,2024
00-0036988,WR,Joshua Palmer,138.03044942402266,162.98075061720772,17,145.5155397819782,0.0,103.4,15,62.0,62.0,62.0,21.0,78.0,2024
00-0033555,WR,Mack Hollins,137.80855595768153,162.96066760143083,20,145.3541894508063,0.0,120.2,19,63.0,63.0,63.0,21.0,68.0,2024
00-0038619,WR,Andrei Iosivas,137.7854852177769,162.5859352777315,17,145.22562023576327,0.0,119.9,17,64.0,64.0,64.0,21.0,69.0,2024
00-0034753,TE,Mark Andrews,137.4661019428098,162.2641449217966,19,144.90551483650583,0.0011,203.4,19,18.0,18.0,18.0,18.0,7.0,2024
00-0036898,QB,Davis Mills,137.43627987414092,167.8818279511194,19,146.56994429723446,0.0,9.580000000000002,4,58.0,58.0,58.0,21.0,61.0,2024
00-0036894,TE,Pat Freiermuth,137.09070036497172,161.1850745613691,18,144.31901262389093,0.0006,172.8,18,19.0,19.0,19.0,20.0,9.0,2024
00-0035208,WR,Olamide Zaccheaus,136.96462961731194,161.28636638606287,20,144.2611506479372,0.0,125.9,18,65.0,65.0,65.0,21.0,62.0,2024
00-0031345,QB,Jimmy Garoppolo,136.76981279500626,167.34649947800438,16,145.9428187999057,0.0,19.86,1,59.0,59.0,59.0,21.0,52.0,2024
00-0034829,TE,Mike Gesicki,136.6018017762038,160.8725641050338,17,143.8830304748528,0.0009,141.5,16,20.0,20.0,20.0,19.0,16.0,2024
00-0037666,WR,Jalen Tolbert,135.51255244057697,159.18905809924638,17,142.61550413817778,0.0,152.0,17,66.0,67.0,66.0,21.0,46.0,2024
00-0035289,QB,Gardner Minshew,135.3603271215008,161.40552301650322,12,143.17388589000151,0.0,94.32,10,60.0,61.0,61.0,21.0,35.0,2024
00-0031687,RB,Raheem Mostert,135.35286491951325,163.33428685062407,17,143.7472914988465,0.0,70.9,12,37.0,37.0,37.0,26.0,57.0,2024
00-0036554,WR,Nico Collins,135.1665086655642,159.86145809675824,10,142.5749934949224,0.0,248.9,14,67.0,66.0,67.0,21.0,16.0,2024
00-0038555,RB,Tank Bigsby,134.9211060887446,162.79134156409975,17,143.28217673135114,0.0,129.0,15,38.0,38.0,38.0,26.0,38.0,2024
00-0038583,QB,Dorian Thompson-Robinson,134.55016743381597,164.7529360434142,17,143.61099801669542,0.0,15.8,6,61.0,60.0,60.0,21.0,55.0,2024
00-0033699,RB,Austin Ekeler,134.09866684464785,160.82629976738602,13,142.1169567214693,0.0,159.6,15,39.0,39.0,39.0,26.0,32.0,2024
00-0039032,RB,Tyjae Spears,132.3532489864376,158.9061097070337,17,140.3191072026164,0.0,113.6,12,40.0,40.0,40.0,26.0,43.0,2024
00-0036244,TE,Colby Parkinson,130.4949108673218,154.87720117499407,19,137.8095979596235,0.0002,77.6,17,21.0,21.0,21.0,21.0,36.0,2024
00-0033869,QB,Mitchell Trubisky,130.43753537822727,159.47365692027083,20,139.14837184084033,0.0,14.959999999999997,9,62.0,62.0,62.0,21.0,56.0,2024
00-0033282,WR,Curtis Samuel,130.12889331965425,154.83098585479388,20,137.53952108019615,0.0,89.8,17,68.0,68.0,68.0,21.0,87.0,2024
00-0036970,TE,Kyle Pitts,129.84116780596585,153.65221337094948,17,136.98448147546094,0.0,131.2,17,22.0,22.0,22.0,22.0,18.0,2024
00-0036290,TE,Cole Kmet,128.82095038187737,151.96078367117934,17,135.76290036866794,0.0,118.4,14,23.0,23.0,23.0,22.0,22.0,2024
00-0039751,WR,Jordan Whittington,128.09123271244908,151.76355084698213,18,135.192928152809,0.0,54.7,7,69.0,69.0,69.0,21.0,113.0,2024
00-0033857,WR,JuJu Smith-Schuster,126.63071994642172,150.79920754455853,20,133.88126622586276,0.0,64.7,14,70.0,70.0,70.0,21.0,104.0,2024
00-0037525,RB,Jordan Mason,125.87992380818928,151.64428554909142,13,133.60923233045992,0.0,115.0,12,41.0,41.0,41.0,26.0,41.0,2024
00-0031800,QB,Taylor Heinicke,125.73134857047305,154.4371806145053,15,134.3430981836827,0.0,3.12,4,63.0,63.0,63.0,21.0,66.0,2024
00-0037741,WR,Jahan Dotson,124.2341469298128,147.72054457791248,21,131.2800662242427,0.0,56.199999999999996,16,71.0,71.0,71.0,21.0,112.0,2024
00-0038794,RB,Jaleel McLaughlin,123.81191955762566,151.11760242437634,18,132.00362441765085,0.0,98.0,17,42.0,42.0,42.0,26.0,47.0,2024
00-0038393,WR,Dontayvion Wicks,123.6842630178132,146.76135684139305,18,130.60739116488713,0.0,116.4,18,72.0,73.0,73.0,21.0,72.0,2024
00-0037240,WR,Jameson Williams,123.64950044712027,147.3753992327139,10,130.76727008279835,0.0,225.20000000000002,16,73.0,72.0,72.0,21.0,22.0,2024
00-0035500,WR,Greg Dortch,123.47632630083976,145.97923152282183,17,130.22719786743437,0.0,90.3,17,74.0,74.0,74.0,21.0,86.0,2024
00-0036919,RB,Kenneth Gainwell,122.81515936263884,150.9139052205505,21,131.24478312001233,0.0,72.4,20,43.0,43.0,43.0,26.0,56.0,2024
00-0035537,RB,Ty Johnson,122.41584010342628,150.05123980104048,20,130.70646001271052,0.0,114.5,20,44.0,44.0,44.0,26.0,42.0,2024
00-0034159,TE,Will Dissly,122.01270209556604,145.49762163452817,18,129.05817795725466,0.0,113.7,16,24.0,24.0,24.0,22.0,24.0,2024
00-0035644,TE,Noah Fant,121.9764996914731,145.3913201577643,17,129.00094583136047,0.0,104.0,14,25.0,25.0,25.0,22.0,28.0,2024
00-0034270,TE,Tyler Conklin,121.35014135295692,143.93453299044128,17,128.12545884420223,0.0,119.9,16,26.0,26.0,26.0,22.0,20.0,2024
00-0036849,WR,Tutu Atwell,121.12895501286148,143.9721085606963,19,127.98190107721192,0.0,101.7,16,75.0,75.0,75.0,21.0,80.0,2024
00-0037263,RB,Tyler Allgeier,119.47309523759154,146.60743484599584,17,127.61339712011282,0.0,104.2,17,45.0,45.0,45.0,26.0,44.0,2024
00-0037327,QB,Skylar Thompson,119.34887531898087,147.78740066282757,14,127.88043292213487,0.0,7.880000000000001,2,64.0,64.0,64.0,21.0,62.0,2024
00-0036040,TE,Juwan Johnson,118.69830865199646,140.9089220676445,17,125.36149267669087,0.0,122.8,15,27.0,28.0,28.0,22.0,19.0,2024
00-0037837,WR,Calvin Austin III,118.4042919200824,140.73516249675876,18,125.10355309308531,0.0,118.3,18,76.0,77.0,76.0,21.0,71.0,2024
00-0036637,TE,Noah Gray,118.24113896246207,142.28145465445675,20,125.45323367006048,0.0,118.8,18,28.0,27.0,27.0,22.0,21.0,2024
00-0039875,RB,Ray Davis,117.87521469833445,146.05424222401987,20,126.32892295604006,0.0,125.7,19,46.0,46.0,46.0,26.0,39.0,2024
00-0037197,RB,Isiah Pacheco,117.75106907428038,142.3928392183519,11,125.14360011750182,0.0,65.3,10,47.0,47.0,47.0,26.0,61.0,2024
00-0037091,WR,,116.72833858055066,141.09668475589402,18,124.03884243315366,0.0,25.1,12,77.0,76.0,77.0,21.0,139.0,2024
00-0036427,WR,Tyler Johnson,116.2778917688666,138.8963587051442,18,123.06343184974986,0.0,61.1,11,78.0,78.0,78.0,21.0,109.0,2024
00-0031588,WR,Stefon Diggs,115.0561373267397,137.26106735401854,9,121.71761633492335,0.0,121.92,8,79.0,79.0,79.0,21.0,65.0,2024
00-0036328,RB,Antonio Gibson,113.59318195146776,138.7132148419579,17,121.12919181861479,0.0,103.4,17,48.0,49.0,49.0,26.0,45.0,2024
00-0036414,RB,Cam Akers,113.54577996300355,141.2101829966958,18,121.84510087311122,0.0,97.1,16,49.0,48.0,48.0,26.0,48.0,2024
00-0037291,WR,Jalen Nailor,113.30807974650772,136.02782646417256,18,120.12400376180716,0.0,111.3,16,80.0,80.0,80.0,21.0,74.0,2024
00-0036182,WR,Nick Westbrook-Ikhine,113.27598975266092,135.4195160469977,17,119.91904764096194,0.0,135.7,13,81.0,81.0,81.0,21.0,56.0,2024
00-0033536,WR,Mike Williams,112.3286534084412,134.76237031717744,19,119.05876848106206,0.0,61.5,14,82.0,82.0,82.0,21.0,108.0,2024
00-0033009,WR,Tyler Boyd,112.02782778248078,133.40746237759552,17,118.4417181610152,0.0,78.3,15,83.0,83.0,83.0,21.0,94.0,2024
00-0036251,RB,Zack Moss,111.999906370314,135.7604382533858,10,119.12806593523553,0.0,81.9,8,50.0,52.0,50.0,26.0,53.0,2024
00-0038400,QB,Tanner McKee,111.19439009943603,139.6859934506974,17,119.74187110481444,0.0,28.82,2,65.0,65.0,65.0,21.0,49.0,2024
00-0033537,QB,Deshaun Watson,111.15782971478436,135.34909421778517,8,118.41520906568459,0.0,74.72,7,66.0,68.0,66.0,21.0,40.0,2024
00-0037276,RB,Ty Chandler,111.0912715175904,137.52030726702128,18,119.01998224241967,0.0,28.4,10,51.0,50.0,51.0,26.0,90.0,2024
00-0033921,WR,Chris Godwin,110.85896566678804,132.7631431242965,8,117.43021890404057,0.0,137.8,7,84.0,84.0,84.0,21.0,54.0,2024
00-0038998,QB,Jake Haener,109.8446543153106,137.81793715296868,17,118.23663916660803,0.0,13.24,8,67.0,66.0,67.0,21.0,59.0,2024
00-0036415,WR,Van Jefferson,109.62541133649982,131.76433467775843,18,116.2670883388774,0.0,75.3,16,85.0,85.0,85.0,21.0,98.0,2024
00-0032104,RB,Ameer Abdullah,109.13968475520905,134.7366245936963,17,116.81876670675521,0.0,125.2,13,52.0,53.0,53.0,26.0,40.0,2024
00-0034386,WR,Justin Watson,108.67041869188316,130.95048552542747,20,115.35443874194644,0.0,62.9,17,86.0,86.0,86.0,21.0,106.0,2024
00-0033526,RB,Samaje Perine,108.62278126301608,136.33829462718668,20,116.93743527226727,0.0,84.9,20,53.0,51.0,52.0,26.0,52.0,2024
00-0039398,QB,Joe Milton,108.05024530986216,137.4282066100866,17,116.8636336999295,0.0,19.240000000000002,1,68.0,67.0,68.0,21.0,53.0,2024
00-0039355,WR,Luke McCaffrey,107.2921121011756,129.19541332752078,20,113.86310246907914,0.0,34.8,13,87.0,87.0,87.0,21.0,127.0,2024
00-0038976,WR,Marvin Mims,106.47380192438662,128.55312964289118,18,113.09760023993798,0.0,132.8,17,88.0,88.0,88.0,21.0,58.0,2024
00-0035229,TE,T.J. Hockenson,106.23233991952006,127.31134234522511,10,112.55604064723158,0.0,103.89999999999999,11,29.0,29.0,29.0,22.0,29.0,2024
00-0039794,RB,Braelon Allen,105.7884693952159,131.93854780757408,17,113.63349291892334,0.0,85.2,17,54.0,54.0,54.0,26.0,51.0,2024
00-0036626,WR,Dyami Brown,104.38925219061638,126.44907598061278,19,111.0071993276153,0.0,108.3,18,89.0,89.0,89.0,21.0,76.0,2024
00-0038935,TE,Brenton Strange,103.22259427112022,124.73922145635689,17,109.6775824266912,0.0,91.1,14,30.0,31.0,30.0,22.0,32.0,2024
00-0038608,WR,Kayshon Boutte,102.93655941077311,124.29226931957524,16,109.34327238341373,0.0,119.9,15,90.0,90.0,90.0,21.0,69.0,2024
00-0037801,WR,KaVontae Turpin,102.73094225726302,123.88192937315084,17,109.07623839202935,0.0,92.2,15,91.0,91.0,91.0,21.0,84.0,2024
00-0037086,TE,Grant Calcaterra,102.72878373822373,125.6975546051624,21,109.61941499830532,0.0,61.2,14,31.0,30.0,31.0,22.0,41.0,2024
00-0039021,RB,Roschon Johnson,100.87671091374868,125.65813810097536,17,108.31113906991669,0.0,77.4,12,55.0,55.0,55.0,26.0,54.0,2024
00-0034521,WR,Allen Lazard,100.21842832778718,121.60106247676966,10,106.63321857248191,0.0,126.0,12,92.0,92.0,92.0,21.0,61.0,2024
00-0035216,WR,Diontae Johnson,99.58701360570907,119.52973843754845,9,105.56983105526089,0.0,91.3,12,93.0,94.0,93.0,21.0,85.0,2024
00-0034972,RB,Alexander Mattison,99.5277602561163,122.74157029830369,12,106.4919032687725,0.0,135.4,14,56.0,57.0,56.0,26.0,34.0,2024
00-0038582,QB,Clayton Tune,99.44087109496728,126.13119759639916,17,107.44796904539683,0.0,-2.08,5,69.0,69.0,69.0,21.0,86.0,2024
00-0038547,TE,Luke Schoonmaker,99.21312294621904,120.18613600552032,17,105.50502686400941,0.0,57.1,10,32.0,32.0,32.0,22.0,43.0,2024
00-0035406,WR,Lil'Jordan Humphrey,99.00719731439342,119.86826008573756,18,105.26551614579665,0.0,64.3,14,94.0,93.0,94.0,21.0,105.0,2024
00-0037809,TE,Chigoziem Okonkwo,98.82204858344797,119.30048083854209,17,104.9655782599762,0.0,111.60000000000001,16,33.0,33.0,33.0,22.0,25.0,2024
00-0039917,QB,Michael Penix Jr.,98.61601352204048,125.8418221148094,17,106.78375609987116,0.0,44.1,5,70.0,70.0,70.0,21.0,46.0,2024
00-0038797,RB,Emanuel Wilson,97.79255268947227,123.99864696592802,18,105.65438097240899,0.0,99.9,18,57.0,56.0,57.0,26.0,46.0,2024
00-0039623,WR,Mason Tipton,97.63900324438096,118.2160011625147,17,103.81210261982108,0.0,23.9,9,95.0,96.0,95.0,21.0,141.0,2024
00-0034418,WR,Cedrick Wilson,97.4725530020711,118.48849746931236,17,103.77733634224347,0.0,51.94,10,96.0,95.0,96.0,21.0,117.0,2024
00-0037239,WR,Chris Olave,96.91015643392409,117.32069016125128,10,103.03331655212224,0.0,76.7,8,97.0,97.0,97.0,21.0,96.0,2024
00-0038040,RB,Zamir White,96.77739939935518,119.669842059758,12,103.64513219747602,0.0,29.3,8,58.0,59.0,59.0,26.0,87.0,2024
00-0036345,WR,K.J. Osborn,96.4156150227148,116.43531041407138,18,102.42152364012176,0.0,18.7,6,98.0,98.0,98.0,21.0,145.0,2024
00-0038951,RB,Sean Tucker,95.94440098726444,122.31184582836948,18,103.85463443959594,0.0,68.7,11,59.0,58.0,58.0,26.0,58.0,2024
00-0038618,WR,Xavier Hutchinson,95.26863049686465,116.14523957366444,19,101.53161321990459,0.0,37.3,16,99.0,99.0,99.0,21.0,123.0,2024
00-0033589,WR,David Moore,95.26714081191233,115.9364217180985,17,101.46792508376816,0.0,85.10000000000001,14,100.0,100.0,100.0,21.0,90.0,2024
00-0039868,WR,Troy Franklin,94.91955115965716,115.80569214813671,18,101.18539345620101,0.0,80.5,17,101.0,101.0,101.0,21.0,92.0,2024
00-0033591,WR,Noah Brown,94.80475257630098,115.6675733014277,13,101.06359879383899,0.0,86.3,11,102.0,103.0,102.0,21.0,89.0,2024
00-0036261,WR,Brandon Aiyuk,94.3238201783115,115.79564537078724,8,100.76536773605422,0.0,62.400000000000006,7,103.0,102.0,103.0,21.0,107.0,2024
00-0039890,WR,Adonai Mitchell,94.27545953140262,114.74932516478992,17,100.4176192214188,0.0,53.76,17,104.0,104.0,104.0,21.0,115.0,2024
00-0030431,WR,Robert Woods,93.76214880044616,113.86133830568726,19,99.79190565201847,0.0,42.5,13,105.0,105.0,105.0,21.0,120.0,2024
00-0039363,RB,Isaac Guerendo,92.98736912226622,118.29993079221845,17,100.58113762325189,0.0,96.2,13,60.0,60.0,60.0,26.0,50.0,2024
00-0039880,WR,Malik Washington,92.49260751816942,113.35873497648656,17,98.75244575566455,0.0,56.8,12,106.0,106.0,106.0,21.0,111.0,2024
00-0039052,WR,Trey Palmer,92.19444049874002,112.39443553557604,18,98.25443900979081,0.0,35.2,10,107.0,108.0,108.0,21.0,126.0,2024
00-0031549,WR,Nelson Agholor,92.15265018274316,113.23630108147556,19,98.47774545236287,0.0,52.6,15,108.0,107.0,107.0,21.0,116.0,2024
00-0032434,QB,Brandon Allen,91.87871787065512,117.88033905618484,17,99.67920422631403,0.0,6.360000000000001,3,71.0,71.0,71.0,21.0,64.0,2024
00-0039062,WR,Jonathan Mingo,91.82487300009684,111.55980526700606,16,97.74535268016959,0.0,32.2,14,109.0,109.0,109.0,21.0,131.0,2024
00-0038979,WR,Cedric Tillman,91.34325716517522,111.41780121000131,13,97.36562037862305,0.0,78.4,9,110.0,110.0,110.0,21.0,93.0,2024
00-0034981,TE,Foster Moreau,91.27292790530744,111.97836234745984,17,97.48455823795315,0.0,103.3,15,34.0,35.0,34.0,22.0,30.0,2024
00-0038606,WR,Parker Washington,91.09992210512212,110.70501443013654,17,96.98144980262644,0.0,89.0,13,111.0,111.0,111.0,21.0,88.0,2024
00-0034577,QB,Kyle Allen,90.71367579875582,117.18296492862326,18,98.65446253771606,0.0,0.76,1,72.0,72.0,72.0,21.0,71.0,2024
00-0039325,RB,Carson Steele,90.54803063795526,117.1008666718962,20,98.51388144813754,0.0,23.9,12,61.0,61.0,61.0,26.0,94.0,2024
00-0039907,WR,Ja'Lynn Polk,90.51102531432085,110.3074541650058,17,96.44995396952632,0.0,32.699999999999996,13,112.0,112.0,112.0,21.0,130.0,2024
00-0035689,TE,Dawson Knox,90.36718188980484,112.86944642678324,20,97.11786125089836,0.0,67.6,17,35.0,34.0,35.0,22.0,39.0,2024
00-0034613,TE,Tanner Hudson,90.25507310689886,111.65411254146962,17,96.67478493727009,0.0,38.5,9,36.0,36.0,36.0,22.0,53.0,2024
00-0037258,RB,Dameon Pierce,89.29078766187706,114.8462244044216,19,96.95741868464042,0.0,46.0,11,62.0,62.0,62.0,26.0,70.0,2024
00-0032385,WR,Sterling Shepard,88.73270494747369,108.16143132398892,12,94.56132286042825,0.0,78.3,13,113.0,113.0,113.0,21.0,94.0,2024
00-0036196,WR,Gabriel Davis,88.39966417491854,108.14737248843318,11,94.32397666897293,0.0,53.9,9,114.0,114.0,114.0,21.0,114.0,2024
00-0033854,RB,Dare Ogunbowale,88.07272059178251,113.15846489012796,19,95.59844388128614,0.0,58.4,17,63.0,64.0,63.0,26.0,63.0,2024
00-0032392,TE,Austin Hooper,87.9716643600275,108.08193884280716,17,94.00474670486139,0.0,108.6,17,37.0,38.0,37.0,22.0,26.0,2024
00-0037005,TE,Tommy Tremble,87.73399334178363,108.4776127077255,17,93.95707915156618,0.0,56.4,10,38.0,37.0,38.0,22.0,44.0,2024
00-0034364,TE,Jordan Akins,87.69969509893309,107.50251233617588,17,93.64054027010593,0.0,91.0,16,39.0,39.0,39.0,22.0,33.0,2024
00-0039236,WR,Johnny Wilson,87.61733777031242,107.83296273382682,21,93.68202525936672,0.0,14.8,10,115.0,115.0,115.0,21.0,155.0,2024
00-0035567,RB,Craig Reynolds,87.03037501509394,113.50853737040192,18,94.97382372168633,0.0,20.9,7,64.0,63.0,64.0,26.0,96.0,2024
00-0033045,RB,Ezekiel Elliott,86.61768278989496,110.5388036478705,14,93.7940190472876,0.0,57.5,15,65.0,65.0,65.0,26.0,64.0,2024
00-0038573,WR,Derius Davis,86.55950556094402,106.25447388420504,18,92.46799605792232,0.0,41.2,12,116.0,116.0,116.0,21.0,121.0,2024
00-0037120,RB,Tyler Goodson,86.54643446631883,110.326184758592,17,93.68035955400077,0.0,44.4,9,66.0,66.0,66.0,26.0,73.0,2024
00-0038938,WR,Jalin Hyatt,86.0105090978422,106.17285626204487,17,92.059213247103,0.0,14.2,10,117.0,117.0,117.0,21.0,159.0,2024
00-0036879,QB,Sam Ehlinger,85.88735964049322,111.36092223424102,17,93.52942841861756,0.0,0.0,0,73.0,73.0,73.0,21.0,73.0,2024
00-0033246,TE,Johnny Mundt,84.49827994839747,105.46328739838772,18,90.78778218339454,0.0,50.0,14,40.0,40.0,40.0,22.0,46.0,2024
00-0035249,TE,Josh Oliver,84.37679023715737,105.11813443716976,17,90.59919349716108,0.0,67.3,12,41.0,41.0,41.0,22.0,40.0,2024
00-0039521,WR,Xavier Weaver,84.34067676908546,105.61479623897954,15,90.72291261005368,0.0,0.0,2,118.0,118.0,118.0,21.0,201.0,2024
00-0036984,RB,Trey Sermon,84.31580027709549,107.49410009214276,17,91.26929022160967,0.0,53.8,14,67.0,67.0,67.0,26.0,66.0,2024
00-0038496,WR,Xavier Gipson,84.18014593859755,103.60517208334768,17,90.00765378202257,0.0,16.4,7,119.0,119.0,119.0,21.0,149.0,2024
00-0036630,WR,Tylan Wallace,83.99362331818851,103.38418323931371,19,89.81079129452607,0.0,43.1,10,120.0,120.0,120.0,21.0,119.0,2024
00-0034775,WR,Christian Kirk,83.48777835399339,102.63197060053578,9,89.2310360279561,0.0,70.9,8,121.0,122.0,121.0,21.0,99.0,2024
00-0037012,QB,Trey Lance,82.73059480676605,107.92837801897792,14,90.28992977042961,0.0,12.739999999999998,4,74.0,74.0,74.0,21.0,60.0,2024
00-0037614,WR,John Metchie,82.33499769654104,101.6132975158526,15,88.1184876423345,0.0,65.7,12,122.0,123.0,123.0,21.0,101.0,2024
00-0037252,TE,Greg Dulcich,82.19852619365786,101.29143006857257,16,87.92639735613227,0.0,7.8,3,42.0,42.0,42.0,22.0,93.0,2024
00-0039792,WR,Devontez Walker,81.98388405620321,102.92880674321675,19,88.26736086230727,0.0,9.1,2,123.0,121.0,122.0,21.0,168.0,2024
00-0030578,RB,Cordarrelle Patterson,81.39274568021163,104.99045126841892,18,88.47205735667382,0.0,37.5,13,68.0,68.0,68.0,26.0,74.0,2024
00-0038465,WR,Malik Heath,81.20726285954355,100.45798774180088,18,86.98248032422075,0.0,31.7,6,124.0,124.0,124.0,21.0,132.0,2024
00-0035140,WR,Mecole Hardman,80.96221540830516,99.55024478963936,13,86.53862422270541,0.0,33.2,7,125.0,126.0,125.0,21.0,129.0,2024
00-0039365,WR,Jacob Cowing,80.48459310476326,100.16969313304772,17,86.39012311324859,0.0,12.7,3,126.0,125.0,126.0,21.0,164.0,2024
00-0038098,RB,Pierre Strong Jr.,79.60037789490886,103.71028543202584,17,86.83335015604395,0.0,35.2,11,69.0,69.0,69.0,26.0,78.0,2024
00-0038640,WR,Jalen Brooks,78.69351584338875,97.37302464885948,17,84.29736848502996,0.0,35.699999999999996,12,127.0,128.0,127.0,21.0,125.0,2024
00-0039810,WR,Jermaine Burton,77.86953151632444,97.71012438696472,17,83.82170937751653,0.0,14.7,4,128.0,127.0,128.0,21.0,156.0,2024
00-0033955,RB,Jeremy McNichols,77.61288204698891,103.56611746185324,20,85.39885267144821,0.0,68.7,16,70.0,70.0,70.0,26.0,58.0,2024
00-0033948,RB,Jamaal Williams,77.30145277503635,100.96329906027482,17,84.40000666060789,0.0,37.1,13,71.0,72.0,71.0,26.0,75.0,2024
00-0039738,RB,Blake Corum,76.88340970107691,101.4856285208752,18,84.26407534701639,0.0,33.5,14,72.0,71.0,72.0,26.0,79.0,2024
00-0039391,RB,Kimani Vidal,76.46132534872741,99.87348043797516,17,83.48497187550174,0.0,32.7,9,73.0,73.0,73.0,26.0,81.0,2024
00-0032128,WR,Chris Conley,76.24344020519813,95.24579955310696,17,81.94414800957077,0.0,13.6,7,129.0,130.0,130.0,21.0,161.0,2024
00-0036635,WR,Ihmir Smith-Marsette,76.23014617337644,95.0660833292602,15,81.88092732014157,0.0,0.0,1,130.0,131.0,131.0,21.0,201.0,2024
00-0039410,WR,Ryan Flournoy,76.09182132671837,95.77447300146352,17,81.99661682914191,0.0,18.2,7,131.0,129.0,129.0,21.0,146.0,2024
00-0035631,TE,Drew Sample,75.70632573629604,96.30081728640198,17,81.88467320132781,0.0,36.5,11,43.0,43.0,43.0,22.0,55.0,2024
00-0034854,WR,KhaDarel Hodge,75.54437215566847,94.27373357408752,17,81.16318058119418,0.0,26.099999999999998,6,132.0,132.0,132.0,21.0,138.0,2024
00-0036928,QB,Kyle Trask,75.53927343229665,100.28711417289342,18,82.96362565447568,0.0,-0.2,3,75.0,76.0,75.0,21.0,82.0,2024
00-0038550,QB,Hendon Hooker,75.30725058418092,100.42271977057308,18,82.84189134009857,0.0,2.68,3,76.0,75.0,76.0,21.0,67.0,2024
00-0037545,WR,Rashid Shaheed,74.65828118613146,92.91946800916058,7,80.1366372330402,0.0,75.8,6,133.0,134.0,133.0,21.0,97.0,2024
00-0033375,WR,Tim Patrick,74.52841551843423,92.98515535009297,10,80.06543746793184,0.0,93.60000000000001,16,134.0,133.0,134.0,21.0,81.0,2024
00-0038752,WR,Jake Bobo,74.31403430675172,92.35995397180228,17,79.7278102062669,0.0,29.7,11,135.0,136.0,136.0,21.0,134.0,2024
00-0035021,WR,Ashton Dulin,74.2176573455927,92.83066085695712,17,79.80155839900202,0.0,19.2,9,136.0,135.0,135.0,21.0,143.0,2024
00-0033307,WR,Kendrick Bourne,73.95260005259638,91.17023440872728,11,79.11789035943565,0.0,65.1,12,137.0,139.0,138.0,21.0,102.0,2024
00-0038576,WR,Charlie Jones,73.82093048790064,92.15573608246189,17,79.32137216626901,0.0,1.5,2,138.0,137.0,137.0,21.0,197.0,2024
00-0034646,WR,Brandon Powell,73.56992427295185,91.00902211934364,18,78.80165362686938,0.0,14.1,7,139.0,140.0,139.0,21.0,160.0,2024
00-0039847,TE,Theo Johnson,73.42027857509761,91.29782046036338,13,78.78354114067734,0.0,68.1,10,44.0,45.0,45.0,22.0,38.0,2024
00-0039067,WR,Rashee Rice,73.09259895880007,90.96144167337432,5,78.45325177317234,0.0,64.9,3,140.0,141.0,140.0,21.0,103.0,2024
00-0036754,TE,Brock Wright,73.066269441895,94.44162291396664,18,79.47887548351649,0.0,35.0,10,45.0,44.0,44.0,22.0,58.0,2024
00-0035298,WR,Scotty Miller,73.01956854946388,90.54934164934828,18,78.2785004794292,0.0,11.899999999999999,4,141.0,142.0,142.0,21.0,166.0,2024
00-0034487,WR,Trent Sherfield,72.88856455951843,91.21128474586789,18,78.38538061542326,0.0,25.1,9,142.0,138.0,141.0,21.0,139.0,2024
00-0038705,RB,Emari Demercado,71.52552708522727,93.55523197182006,14,78.13443855120511,0.0,54.699999999999996,13,74.0,74.0,74.0,26.0,65.0,2024
00-0035993,QB,Tyler Huntley,71.30398418783503,91.4401340159495,6,77.34482913626937,0.0,60.66,5,77.0,79.0,78.0,21.0,42.0,2024
00-0038122,QB,Desmond Ridder,70.96185209514071,93.17816137017807,8,77.62674487765192,0.0,21.92,5,78.0,77.0,77.0,21.0,51.0,2024
00-0034272,WR,Marquez Valdes-Scantling,70.08376036753434,87.88897381730277,11,75.42532440246487,0.0,84.5,13,143.0,143.0,143.0,21.0,91.0,2024
00-0032464,WR,Kalif Raymond,69.99640138909253,87.6794622882284,12,75.30131965883328,0.0,57.2,11,144.0,144.0,144.0,21.0,110.0,2024
00-0038941,WR,Tyler Scott,69.90730185322315,87.56039581202643,17,75.20323004086413,0.0,1.5,1,145.0,145.0,145.0,21.0,197.0,2024
00-0038108,QB,Bailey Zappe,69.54641704968478,91.6258631789002,8,76.1702508884494,0.0,7.000000000000001,1,79.0,78.0,79.0,21.0,63.0,2024
00-0039356,TE,Ja'Tavion Sanders,69.20428758648536,89.13156066167923,17,75.18246950904351,0.0,73.2,15,46.0,46.0,46.0,22.0,37.0,2024
00-0035628,RB,D'Ernest Johnson,69.09861693170667,91.72354372798812,17,75.8860949705911,0.0,35.9,12,75.0,76.0,76.0,26.0,76.0,2024
00-0039874,RB,Jaylen Wright,69.01905140237845,92.7484274619304,17,76.13786422024404,0.0,26.7,13,76.0,75.0,75.0,26.0,92.0,2024
00-0039491,WR,Jalen Coker,68.75285518223006,86.6729728677894,10,74.12889048789786,0.0,92.56,11,146.0,146.0,146.0,21.0,83.0,2024
00-0039921,RB,Trey Benson,68.11205790723548,91.27427888259383,16,75.06072419984298,0.0,47.0,12,77.0,77.0,77.0,26.0,69.0,2024
00-0039074,TE,Davis Allen,67.97211650970992,88.516986663668,18,74.13557755589734,0.0,18.200000000000003,7,47.0,47.0,47.0,22.0,71.0,2024
00-0031763,WR,DeAndre Carter,67.67841087618218,84.78175377118298,14,72.80941374468242,0.0,16.2,5,147.0,147.0,147.0,21.0,151.0,2024
00-0033925,RB,D'Onta Foreman,67.02592642664789,89.31448412396207,17,73.71249373584214,0.0,32.6,10,78.0,78.0,78.0,26.0,82.0,2024
00-0039392,WR,Jha'Quan Jackson,66.11627497442595,83.64898148548444,17,71.3760869277435,0.0,1.3,2,148.0,149.0,148.0,21.0,199.0,2024
00-0039816,WR,Anthony Gould,65.92028895760566,83.73585624002645,17,71.26495914233189,0.0,3.3,1,149.0,148.0,149.0,21.0,186.0,2024
00-0026300,QB,Josh Johnson,65.7690677417152,89.07383190892587,19,72.7604969918784,0.0,0.78,4,80.0,80.0,80.0,21.0,70.0,2024
00-0035243,RB,Miles Sanders,65.50440155016153,85.3136705467592,10,71.44718224914082,0.0,77.3,11,79.0,79.0,79.0,26.0,55.0,2024
00-0037539,TE,Lucas Krull,65.46810327797155,84.520486593301,18,71.18381827257038,0.0,35.4,11,48.0,49.0,49.0,22.0,57.0,2024
00-0037805,TE,Jeremy Ruckert,65.42222853938291,84.75748144367726,17,71.22280441067122,0.0,28.5,13,49.0,48.0,48.0,22.0,63.0,2024
00-0037475,TE,Stone Smartt,64.21284292751552,83.79010890925053,18,70.08602272203602,0.0,34.8,7,50.0,51.0,50.0,22.0,59.0,2024
00-0036527,WR,DJ Turner,63.91896222899018,80.73505456435446,13,68.96378992959946,0.0,47.1,10,150.0,150.0,150.0,21.0,118.0,2024
00-0036628,TE,John Bates,63.86419735322183,84.37098891404716,20,70.01623482146942,0.0,20.5,13,51.0,50.0,51.0,22.0,69.0,2024
00-0036497,WR,Tim Jones,63.84037061724584,80.54349585446072,17,68.8513081884103,0.0,7.1,3,151.0,151.0,151.0,21.0,174.0,2024
00-0033217,TE,Mo Alie-Cox,63.38406214522333,82.68851878543339,17,69.17539913728635,0.0,32.699999999999996,12,52.0,52.0,52.0,22.0,61.0,2024
00-0033280,RB,Christian McCaffrey,63.0712428194263,80.7072856672376,4,68.36205567376969,0.0,47.8,4,80.0,87.0,80.0,26.0,68.0,2024
00-0035341,WR,Trenton Irwin,62.63457959120956,79.1880145492695,13,67.60061007862754,0.0,4.5,4,152.0,152.0,152.0,21.0,183.0,2024
00-0034184,RB,Gus Edwards,62.52570543790648,81.82602381697964,9,68.31580095162843,0.0,66.3,12,81.0,84.0,81.0,26.0,60.0,2024
00-0038558,TE,Darnell Washington,62.0847540417122,81.39929924756356,18,67.8791176034676,0.0,46.9,14,53.0,53.0,53.0,22.0,49.0,2024
00-0039050,TE,Payne Durham,60.90521768965397,80.56316858715337,18,66.80260295890379,0.0,34.5,5,54.0,54.0,54.0,22.0,60.0,2024
00-0039920,WR,Malachi Corley,60.89255572690987,77.53815300464412,17,65.88623491023014,0.0,7.2,5,153.0,153.0,153.0,21.0,173.0,2024
00-0036906,RB,Khalil Herbert,60.30779224788503,82.24392549244857,15,66.88863222125408,0.0,31.5,8,82.0,82.0,83.0,26.0,83.0,2024
00-0039793,TE,AJ Barner,60.18275831745392,79.46533751522527,17,65.96753207678532,0.0,78.5,14,55.0,55.0,55.0,22.0,35.0,2024
00-0038396,RB,Eric Gray,60.07493842418842,81.6648728066175,17,66.55191873891714,0.0,19.3,10,83.0,85.0,84.0,26.0,97.0,2024
00-0036876,TE,Kylen Granson,60.02132291507593,78.95829757277986,17,65.7024153123871,0.0,32.2,14,56.0,56.0,56.0,22.0,62.0,2024
00-0037557,RB,Ronnie Rivers,59.892598919205845,84.06249965240455,19,67.14356913916546,0.0,19.1,6,84.0,80.0,82.0,26.0,98.0,2024
00-0039041,TE,Elijah Higgins,59.76690844615742,78.70977451678824,17,65.44976826734667,0.0,49.2,14,57.0,57.0,57.0,22.0,47.0,2024
00-0034115,RB,Jeffery Wilson,59.058328789346106,81.42252100730578,16,65.767586454734,0.0,10.6,7,85.0,86.0,86.0,26.0,102.0,2024
00-0036422,TE,Adam Trautman,59.0311890030254,78.29449730221432,18,64.81018149278208,0.0,45.0,14,58.0,58.0,58.0,22.0,50.0,2024
00-0036232,TE,Harrison Bryant,58.59950232880605,76.33143139794335,15,63.91908104954724,0.0,17.6,5,59.0,61.0,59.0,22.0,73.0,2024
00-0039746,RB,Will Shipley,58.538256175803184,83.21552246622842,21,65.94143606293075,0.0,29.4,6,86.0,81.0,85.0,26.0,86.0,2024
00-0039798,RB,Isaiah Davis,58.45317508157089,81.99163093772411,17,65.51471183841686,0.0,45.9,9,87.0,83.0,87.0,26.0,71.0,2024
00-0038720,TE,Julian Hill,57.43012331748451,76.07802807306227,17,63.024494744157835,0.0,22.0,11,60.0,62.0,61.0,22.0,68.0,2024
00-0033576,TE,Eric Saubert,57.39487043492859,76.83472941336308,17,63.22682812845893,0.0,26.7,8,61.0,59.0,60.0,22.0,65.0,2024
00-0036887,TE,Luke Farrell,57.02707665342521,75.95123893229089,17,62.70432533708491,0.0,18.7,10,62.0,63.0,62.0,22.0,70.0,2024
00-0034177,QB,Tim Boyle,56.9919512245324,77.13409701331389,7,63.034594961166846,0.0,13.940000000000001,3,81.0,81.0,81.0,21.0,57.0,2024
00-0039379,WR,Jamari Thrash,56.86194312588309,73.82263625485506,13,61.95015106457467,0.0,5.2,6,154.0,154.0,154.0,21.0,180.0,2024
00-0039853,WR,Javon Baker,56.75436163265654,73.31101429148346,17,61.72135743030461,0.0,2.2,4,155.0,155.0,155.0,21.0,192.0,2024
00-0033251,WR,Zach Pascal,56.74371678369248,72.39558987182015,17,61.43927871013078,0.0,0.0,0,156.0,156.0,156.0,21.0,201.0,2024
00-0036429,TE,Charlie Woerner,56.73760243385839,76.52839021149501,17,62.67483876714937,0.0,11.6,8,63.0,60.0,63.0,22.0,87.0,2024
00-0038115,TE,Daniel Bellinger,56.54349554795693,75.13860644068147,17,62.122028815774286,0.0,26.5,7,64.0,64.0,64.0,22.0,66.0,2024
00-0035662,WR,Marquise Brown,55.95961198766732,72.08581646940183,7,60.79747333218768,0.0,28.1,5,157.0,157.0,157.0,21.0,135.0,2024
00-0038389,RB,Israel Abanikanda,55.63669880406831,76.32829330440258,13,61.84417715416859,0.0,0.0,0,88.0,89.0,88.0,26.0,123.0,2024
00-0035806,RB,JaMycal Hasty,55.032592186957736,77.0336530655765,17,61.63291045054336,0.0,28.8,9,89.0,88.0,89.0,26.0,89.0,2024
00-0034928,WR,Steven Sims,54.97111474875534,70.28358862733546,15,59.564856912329375,0.0,2.9,3,158.0,159.0,158.0,21.0,188.0,2024
00-0037304,TE,Connor Heyward,54.80307844912272,73.51062440054793,18,60.41534223455028,0.0,16.0,5,65.0,65.0,65.0,22.0,76.0,2024
00-0038685,RB,Chris Brooks,54.71858917297484,75.66715516925811,14,61.00315897185982,0.0,45.099999999999994,12,90.0,90.0,90.0,26.0,72.0,2024
00-0038359,WR,Xavier Smith,54.53955786945711,70.53969359857797,14,59.33959858819337,0.0,6.2,3,159.0,158.0,159.0,21.0,178.0,2024
00-0034798,TE,Durham Smythe,53.15658543761175,72.21861090591192,17,58.8751930781018,0.0,14.3,13,66.0,66.0,66.0,22.0,82.0,2024
00-0039107,QB,Stetson Bennett,53.06188734576702,73.54197445685574,9,59.20591347909363,0.0,0.0,0,82.0,82.0,82.0,21.0,73.0,2024
00-0031585,TE,MyCole Pruitt,53.05191469029598,71.61027485958364,18,58.619422741082275,0.0,16.0,6,67.0,67.0,67.0,22.0,76.0,2024
00-0037093,WR,Dareke Young,52.98207309828564,68.38960737916324,17,57.604333382548916,0.0,0.0,1,160.0,161.0,160.0,21.0,201.0,2024
00-0038647,WR,Ronnie Bell,52.63194461488577,68.21828332247259,12,57.307846227161804,0.0,4.2,3,161.0,162.0,161.0,21.0,184.0,2024
00-0033891,WR,Zay Jones,52.56648220509784,67.89721830502978,10,57.165703035077414,0.0,16.4,6,162.0,164.0,162.0,21.0,149.0,2024
00-0039373,RB,Audric Estime,52.42099906393384,73.23523822818377,13,58.66527081320882,0.0,48.7,13,91.0,91.0,91.0,26.0,67.0,2024
00-0039394,WR,Casey Washington,52.409893123214864,68.12246399801712,15,57.123664385655545,0.0,2.4,2,163.0,163.0,163.0,21.0,191.0,2024
00-0033943,WR,Josh Reynolds,51.97316056309769,66.98341071349381,6,56.47623560821653,0.0,38.4,8,164.0,165.0,165.0,21.0,122.0,2024
00-0039451,WR,Isaiah Williams,51.83165784581698,69.09165338909669,9,57.00965650880089,0.0,2.6,1,165.0,160.0,164.0,21.0,190.0,2024
00-0039066,TE,Michael Mayer,50.9642274009366,66.98208608532171,11,55.76958500625213,0.0,36.6,11,68.0,72.0,68.0,22.0,54.0,2024
00-0031236,WR,Brandin Cooks,50.903349085827536,66.36119711365099,5,55.540703494174565,0.0,69.6,10,166.0,166.0,166.0,21.0,100.0,2024
00-0039543,WR,Ramel Keyton,50.5465172507363,66.18554673693338,12,55.238226096595426,0.0,1.7,2,167.0,167.0,167.0,21.0,194.0,2024
00-0038046,TE,Charlie Kolar,50.22880269837454,67.63282584068975,13,55.450009641069094,0.0,28.3,7,69.0,71.0,70.0,22.0,64.0,2024
00-0033895,TE,Gerald Everett,50.08324679123425,68.93677189013844,17,55.739304320905504,0.0,11.6,9,70.0,68.0,69.0,22.0,87.0,2024
00-0038477,WR,Bryce Ford-Wheaton,49.77492553421869,65.32316719944775,17,54.4393980337874,0.0,0.0,1,168.0,168.0,168.0,21.0,201.0,2024
00-0036268,WR,Laviska Shenault,49.718421154443234,64.60274505269403,13,54.18371832391847,0.0,8.7,6,169.0,169.0,169.0,21.0,169.0,2024
00-0033439,TE,Pharaoh Brown,49.49518533868868,67.77345533742067,17,54.97866633830827,0.0,12.5,8,71.0,70.0,71.0,22.0,85.0,2024
00-0034791,RB,Nick Chubb,48.61976840049147,64.99220928820986,6,53.53150066680699,0.0,63.3,8,92.0,98.0,93.0,26.0,62.0,2024
00-0036590,TE,Quintin Morris,48.005620296543896,68.04667809473558,20,54.01793763600139,0.0,14.6,5,72.0,69.0,72.0,22.0,81.0,2024
00-0034830,TE,Hayden Hurst,47.83789695284278,63.543627538401104,11,52.54961612851028,0.0,15.3,7,73.0,75.0,74.0,22.0,79.0,2024
00-0038589,TE,Josh Whyle,47.79060436597691,64.41675065258278,14,52.778448251958665,0.0,58.800000000000004,14,74.0,73.0,73.0,22.0,42.0,2024
00-0038104,WR,Tyquan Thornton,47.77135779190535,62.13171683394172,11,52.079465504516264,0.0,8.7,4,170.0,170.0,170.0,21.0,169.0,2024
00-0039814,TE,Erick All,47.39717389818594,63.43893168306696,10,52.20970123365025,0.0,35.8,8,75.0,76.0,75.0,22.0,56.0,2024
00-0038622,RB,Deuce Vaughn,47.07099392537344,68.85714124903703,17,53.60683812247252,0.0,11.8,5,93.0,92.0,92.0,26.0,101.0,2024
00-0032394,TE,Nick Vannett,46.70180964135936,64.30214764734875,17,51.981911043156174,0.0,48.5,12,76.0,74.0,76.0,22.0,48.0,2024
00-0039747,WR,Ainias Smith,45.443237293853,59.35101783930965,10,49.61557145748999,0.0,17.7,3,171.0,171.0,171.0,21.0,147.0,2024
00-0038636,RB,Kenny McIntosh,44.793447069152094,67.66092730396075,17,51.653691139594685,0.0,22.4,7,94.0,93.0,94.0,26.0,95.0,2024
00-0037429,RB,Raheem Blackshear,44.72572430590381,65.84763902884673,17,51.062298722786686,0.0,8.0,3,95.0,96.0,97.0,26.0,106.0,2024
00-0036425,RB,DeeJay Dallas,44.57541286251226,66.95598228415496,17,51.28958368900506,0.0,15.0,7,96.0,94.0,95.0,26.0,99.0,2024
00-0039530,TE,Brevyn Spann-Ford,44.55733195205889,62.4006006898627,17,49.91031257340003,0.0,17.8,6,77.0,78.0,78.0,22.0,72.0,2024
00-0036950,RB,Avery Williams,44.41199515371345,66.7450507830511,17,51.11191184251474,0.0,0.0,0,97.0,95.0,96.0,26.0,123.0,2024
00-0038809,TE,Ben Sims,44.17636191835165,63.31396482075311,18,49.91764278907209,0.0,8.2,4,78.0,77.0,77.0,22.0,92.0,2024
00-0037132,WR,Britain Covey,44.15294806111679,58.13544569956385,9,48.347697352650904,0.0,10.4,3,172.0,173.0,172.0,21.0,167.0,2024
00-0037292,TE,Drew Ogletree,43.97621067764771,61.90043727686246,17,49.353478657412126,0.0,25.9,11,79.0,79.0,79.0,22.0,67.0,2024
00-0037594,RB,Julius Chestnut,43.91816018665707,64.8403815690903,17,50.194826601387035,0.0,13.3,7,98.0,99.0,98.0,26.0,100.0,2024
00-0038821,WR,Rakim Jarrett,43.78912997863136,58.26048771458585,9,48.130537299417696,0.0,21.400000000000002,6,173.0,172.0,173.0,21.0,142.0,2024
00-0036646,WR,Simi Fehoko,43.14690372301129,57.633535799660486,9,47.49289334600604,0.0,16.6,5,174.0,174.0,174.0,21.0,148.0,2024
00-0035291,RB,Trayveon Williams,42.79105114642555,65.63802693234686,17,49.64514388220194,0.0,0.0,0,99.0,97.0,99.0,26.0,123.0,2024
00-0038394,TE,Will Mallory,42.46909306955575,60.90262367705358,17,47.9991522518051,0.0,6.9,7,80.0,80.0,80.0,22.0,95.0,2024
00-0037156,WR,Irvin Charles,42.31990505625132,55.98232638733971,14,46.41863145557784,0.0,0.0,1,175.0,176.0,175.0,21.0,201.0,2024
00-0039386,WR,Bub Means,41.89106420434994,56.10151726226861,9,46.15420012172554,0.0,26.8,4,176.0,175.0,176.0,21.0,137.0,2024
00-0038678,RB,Jordan Mims,41.61296790210571,62.18411183270223,15,47.784311081284656,0.0,26.099999999999998,7,100.0,101.0,100.0,26.0,93.0,2024
00-0038824,WR,Ryan Miller,41.57025128442954,55.291099716108064,9,45.686505813933096,0.0,36.8,8,177.0,177.0,177.0,21.0,124.0,2024
00-0039364,RB,Sione Vaki,40.85341648813749,62.692481073772335,15,47.40513586382794,0.0,8.1,4,101.0,100.0,101.0,26.0,105.0,2024
00-0039916,WR,Ricky Pearsall,40.59149892308907,54.35896421010021,6,44.721738509192406,0.0,93.5,10,178.0,178.0,178.0,21.0,82.0,2024
00-0039359,TE,Cade Stover,40.56639684659008,57.77816024963117,15,45.7299258675024,0.0,41.1,14,81.0,81.0,81.0,22.0,52.0,2024
00-0031941,WR,Jamison Crowder,39.95764079701083,53.311710863994726,9,43.963861817106,0.0,34.1,6,179.0,179.0,179.0,21.0,128.0,2024
00-0038783,TE,Nate Adkins,39.411621584308286,57.41946558232375,18,44.81397478371292,0.0,43.5,12,82.0,82.0,82.0,22.0,51.0,2024
00-0038454,RB,Keaton Mitchell,39.2665583023288,54.229983141783336,6,43.75558575416515,0.0,6.8,2,102.0,104.0,102.0,26.0,107.0,2024
00-0031235,WR,Odell Beckham,39.20281744299035,52.8618533198135,9,43.30052820603729,0.0,14.5,8,180.0,180.0,180.0,21.0,158.0,2024
00-0035891,WR,Cody White,38.23438729743104,52.4590090060741,6,42.501773810023955,0.0,6.4,1,181.0,181.0,181.0,21.0,177.0,2024
00-0037004,TE,Hunter Long,37.90241025487816,56.288154142203446,18,43.41813342107575,0.0,15.3,8,83.0,83.0,83.0,22.0,79.0,2024
00-0037617,RB,Hassan Haskins,37.479650910332,57.92351750747711,15,43.612810889475526,0.0,33.3,12,103.0,102.0,103.0,26.0,80.0,2024
00-0031428,WR,Allen Robinson,37.0257754273804,50.32582805599908,10,41.015791215966004,0.0,6.0,6,182.0,182.0,182.0,21.0,179.0,2024
00-0038611,RB,Chris Rodriguez,36.65208458350108,54.81429295732659,9,42.10074709564873,0.0,31.5,6,104.0,103.0,104.0,26.0,83.0,2024
00-0039912,TE,Ben Sinnott,36.07352851254587,55.629545940137454,20,41.94033374082334,0.0,17.1,5,84.0,84.0,84.0,22.0,74.0,2024
00-0037742,WR,Treylon Burks,35.05312298477933,47.79782454112855,6,38.8765334516841,0.0,7.5,5,183.0,183.0,183.0,21.0,171.0,2024
00-0037348,WR,Tanner Conner,34.54416926269422,47.49274195057845,10,38.428741069059484,0.0,4.6,2,184.0,184.0,184.0,21.0,182.0,2024
00-0033357,TE,Taysom Hill,34.11922187232241,48.162549015746364,8,38.3322200153496,0.0,102.34,8,85.0,86.0,85.0,22.0,31.0,2024
00-0036741,TE,Jack Stoll,33.58240209363995,48.68190013708559,11,38.112251506673644,0.0,3.0,2,86.0,85.0,86.0,22.0,101.0,2024
00-0030035,WR,Adam Thielen,33.51380992663491,45.57039369116973,4,37.130785055995354,0.0,139.5,10,185.0,185.0,185.0,21.0,53.0,2024
00-0035973,RB,Patrick Taylor,33.025444949640416,50.233506943352175,10,38.18786354775394,0.0,29.799999999999997,5,105.0,105.0,105.0,26.0,85.0,2024
00-0038519,WR,Nikko Remigio,32.50460468453954,44.99269256117589,7,36.25103104753045,0.0,6.8,1,186.0,186.0,186.0,21.0,176.0,2024
00-0035215,WR,Deonte Harty,31.951851597166883,44.24234313824984,7,35.638999059491766,0.0,0.0,0,187.0,187.0,187.0,21.0,201.0,2024
00-0034419,WR,Braxton Berrios,31.482166122996137,43.8264152496533,7,35.18544086099328,0.0,0.0,3,188.0,188.0,188.0,21.0,201.0,2024
00-0034054,WR,River Cracraft,29.704927848441173,40.91851601492053,8,33.06900429838498,0.0,13.6,4,189.0,192.0,190.0,21.0,161.0,2024
00-0038612,WR,A.T. Perry,29.662660212307447,41.22968043208582,5,33.13276627824096,0.0,0.0,0,190.0,190.0,189.0,21.0,201.0,2024
00-0032398,WR,Chris Moore,29.495318267140224,41.401446797734,6,33.06715682631835,0.0,0.0,0,191.0,189.0,191.0,21.0,201.0,2024
00-0037745,RB,Velus Jones,29.45220557687946,43.28521011803824,6,33.60210693922709,0.0,2.9000000000000004,2,106.0,107.0,106.0,26.0,115.0,2024
00-0039589,WR,Kameron Johnson,29.03773911689772,40.80278102621262,7,32.567251689692185,0.0,1.1,3,192.0,193.0,192.0,21.0,200.0,2024
00-0039739,WR,Roman Wilson,28.50742142723824,40.956853961835854,6,32.24225118761752,0.0,0.0,0,193.0,191.0,193.0,21.0,201.0,2024
00-0036862,WR,Ben Skowronek,28.16306546291688,39.68740029331153,8,31.620365912035275,0.0,11.9,4,194.0,194.0,194.0,21.0,165.0,2024
00-0038090,WR,Skyy Moore,27.93249621735807,39.271001853089714,7,31.334047908077565,0.0,0.0,2,195.0,195.0,195.0,21.0,201.0,2024
00-0034073,TE,Ross Dwelley,27.33756732760688,44.72521515465972,17,32.55386167572273,0.0,1.5,1,87.0,87.0,87.0,22.0,109.0,2024
00-0039393,RB,Jase McClellan,27.16771146774448,44.12168035865477,10,32.25390213501757,0.0,3.2,2,107.0,106.0,107.0,26.0,113.0,2024
00-0036620,WR,Dee Eskridge,26.463725173753872,37.33705617122644,7,29.725724472995644,0.0,7.4,3,196.0,197.0,197.0,21.0,172.0,2024
00-0039415,WR,Brenden Rice,26.413902247624502,38.06858065566573,6,29.910305770036867,0.0,0.0,0,197.0,196.0,196.0,21.0,201.0,2024
00-0039144,TE,Luke Musgrave,25.791650488495485,38.37746363012287,7,29.567394430983697,0.0,11.5,7,88.0,91.0,90.0,22.0,89.0,2024
00-0036332,TE,Josiah Deguara,25.49416878674189,40.747563493581055,14,30.07018719879364,0.0,4.4,3,89.0,90.0,88.0,22.0,97.0,2024
00-0036877,WR,Jaelon Darden,24.838736784691974,35.45827449545214,7,28.02459809792002,0.0,1.6,1,198.0,198.0,198.0,21.0,195.0,2024
00-0039737,TE,Tip Reiman,24.78696082831204,42.13432694937253,17,29.991170664630182,0.0,9.7,5,90.0,88.0,89.0,22.0,91.0,2024
00-0037300,WR,Michael Woods,24.577532370064617,34.920324772276985,4,27.680370090728324,0.0,13.5,5,199.0,199.0,199.0,21.0,163.0,2024
00-0036331,WR,Devin Duvernay,24.0410677365586,34.72610923604285,6,27.246580186403875,0.0,19.2,10,200.0,200.0,200.0,21.0,143.0,2024
00-0039754,TE,Devin Culp,23.92552526950077,41.78187977126758,18,29.282431620030813,0.0,13.799999999999999,2,91.0,89.0,91.0,22.0,83.0,2024
00-0032156,QB,Trevor Siemian,23.79907121208895,36.84959985745451,3,27.714229805698615,0.0,0.0,0,83.0,83.0,83.0,21.0,73.0,2024
00-0033110,TE,Tyler Higbee,23.67129029191049,34.49817018479026,4,26.919354259774423,0.0,55.8,5,92.0,96.0,93.0,22.0,45.0,2024
00-0037306,TE,John FitzPatrick,23.28583896049246,37.77226316708384,11,27.63176622246987,0.0,1.2,1,93.0,92.0,92.0,22.0,112.0,2024
00-0034777,WR,D.J. Chark,22.8969279000109,33.74127969319454,5,26.15023343796599,0.0,15.1,5,201.0,201.0,201.0,21.0,153.0,2024
00-0037569,TE,Peyton Hendershot,22.72048590583817,36.19456394820629,9,26.762709318548602,0.0,10.1,4,94.0,94.0,94.0,22.0,90.0,2024
00-0039703,RB,Cody Schrader,22.64601556260421,37.69006766785712,8,27.15923119418008,0.0,1.9,1,108.0,108.0,108.0,26.0,118.0,2024
00-0036955,WR,Terrace Marshall,21.1221054459595,30.995447833516227,5,24.08410816222652,0.0,7.1,5,202.0,202.0,202.0,21.0,174.0,2024
00-0037387,WR,Jalen Virgil,20.75351029895717,30.585782735635373,6,23.70319202996063,0.0,0.0,0,203.0,203.0,203.0,21.0,201.0,2024
00-0035594,RB,Travis Homer,19.561661072892967,36.83352348671095,12,24.74321979703836,0.0,6.3999999999999995,4,109.0,110.0,109.0,26.0,108.0,2024
00-0039399,TE,Tanner McLachlan,19.56022093476621,37.241345971357326,17,24.864558445743544,0.0,0.0,0,95.0,93.0,95.0,22.0,115.0,2024
00-0036510,TE,Kenny Yeboah,19.18057156936433,30.71150043895141,8,22.639850230240455,0.0,15.7,6,96.0,99.0,97.0,22.0,78.0,2024
00-0039573,RB,Blake Watson,18.946718391960516,33.70356689759987,8,23.37377294365232,0.0,3.3,1,110.0,112.0,111.0,26.0,111.0,2024
00-0039407,RB,Dylan Laube,18.29290688808856,37.5255653065252,15,24.06270441361955,0.0,-2.0,1,111.0,109.0,110.0,26.0,132.0,2024
00-0034860,WR,Dante Pettis,18.164582395158327,26.976550107812976,4,20.80817270895472,0.0,30.0,8,204.0,205.0,204.0,21.0,133.0,2024
00-0035934,WR,Trishton Jackson,17.983000083071452,27.15037780743073,5,20.733213400379235,0.0,0.0,0,205.0,204.0,205.0,21.0,201.0,2024
00-0037311,TE,Ko Kieft,17.901982955224707,35.87390213087921,18,23.293558707921058,0.0,0.0,0,97.0,95.0,96.0,22.0,115.0,2024
00-0039686,RB,Colson Yankoff,17.827246926491423,34.14106266742167,10,22.721391648770496,0.0,0.0,0,112.0,111.0,112.0,26.0,123.0,2024
00-0037509,RB,Sincere McCormick,17.639967237669183,27.78696803385411,3,20.68406747652466,0.0,27.200000000000003,4,113.0,116.0,113.0,26.0,91.0,2024
00-0034401,QB,Mike White,17.448814135084405,29.523143481073657,5,21.07111293888118,0.0,1.12,1,84.0,84.0,84.0,21.0,69.0,2024
00-0031484,TE,Chris Manhertz,17.317216194493767,32.77093330642911,17,21.95333132807437,0.0,12.0,4,98.0,98.0,98.0,22.0,86.0,2024
00-0039650,WR,Bryce Oliver,16.960927677177644,25.432969145973814,5,19.502540117816494,0.0,15.5,5,206.0,206.0,206.0,21.0,152.0,2024
00-0024243,TE,Marcedes Lewis,16.790087640590176,33.14614576666127,17,21.696905078411504,0.0,1.2,1,99.0,97.0,99.0,22.0,112.0,2024
00-0036360,RB,Clyde Edwards-Helaire,15.834346625989864,28.39970693948449,5,19.603954720038253,0.0,10.0,2,114.0,114.0,114.0,26.0,104.0,2024
00-0037450,RB,Tyreik McAllister,15.043075201470996,30.040504185142403,9,19.542303896572417,0.0,1.1,1,115.0,113.0,115.0,26.0,120.0,2024
00-0039796,RB,Rasheen Ali,14.902014152592574,28.167422203499445,6,18.881636567864632,0.0,3.1,4,116.0,115.0,116.0,26.0,114.0,2024
00-0036463,WR,Chris Blair,14.593199182790316,23.122593489918767,4,17.15201747492885,0.0,2.7,2,207.0,208.0,208.0,21.0,189.0,2024
00-0038507,WR,Grant Dubose,14.582228141058824,23.53387312099376,3,17.267721635039305,0.0,3.0999999999999996,2,208.0,207.0,207.0,21.0,187.0,2024
00-0039603,RB,British Brooks,13.91877320860581,26.826632861401823,6,17.791131104444613,0.0,0.2,1,117.0,117.0,117.0,26.0,121.0,2024
00-0039824,TE,Jared Wiley,13.736850243056006,26.19799390922995,8,17.475193342908188,0.0,1.7,1,100.0,101.0,100.0,22.0,105.0,2024
00-0035544,WR,Tom Kennedy,13.442227168685632,22.15917781920869,3,16.05731236384255,0.0,0.0,1,209.0,209.0,209.0,21.0,201.0,2024
00-0032543,WR,Alex Erickson,12.312129602075457,19.98377141297536,2,14.613622145345428,0.0,0.0,0,210.0,211.0,210.0,21.0,201.0,2024
00-0032134,TE,C.J. Uzomah,12.25023041456824,22.887194169547243,6,15.44131954106194,0.0,0.0,0,101.0,106.0,103.0,22.0,115.0,2024
00-0037654,TE,Tucker Fisk,11.878663647473369,21.77920257799379,5,14.848825326629495,0.0,13.4,8,102.0,107.0,104.0,22.0,84.0,2024
00-0037112,TE,Jake Tonges,11.772976731186722,28.748763645622542,17,16.865712805517468,0.0,0.0,0,103.0,100.0,101.0,22.0,115.0,2024
00-0036556,TE,Brevin Jordan,11.624565348764346,20.29666713677217,3,14.226195885166693,0.0,2.7,2,104.0,109.0,106.0,22.0,103.0,2024
00-0036825,TE,Feleipe Franks,11.60604916926846,24.594121979960583,12,15.502471012476096,0.0,2.2,3,105.0,103.0,102.0,22.0,104.0,2024
00-0037422,WR,Kendric Pryor,11.596177449725047,20.268685293995315,2,14.197929803006128,0.0,1.9,1,211.0,210.0,211.0,21.0,193.0,2024
00-0039811,RB,MarShawn Lloyd,11.423686086384947,20.620256461308475,3,14.182657198862005,0.0,2.8,1,118.0,118.0,118.0,26.0,116.0,2024
00-0037231,WR,Kevin Austin,11.395019910706733,18.63206783681982,2,13.56613428854066,0.0,27.0,8,212.0,212.0,212.0,21.0,136.0,2024
00-0039677,QB,Sam Hartman,10.845481499730218,20.375494104832576,2,13.704485281260924,0.0,0.0,0,85.0,85.0,85.0,21.0,73.0,2024
00-0036534,TE,Shane Zylstra,10.113166239309308,18.850904711472108,3,12.734487780958148,0.0,3.2,1,106.0,113.0,107.0,22.0,100.0,2024
00-0038710,TE,Blake Whiteheart,9.895401008193044,18.51063989798385,5,12.479972675130286,0.0,17.1,7,107.0,114.0,108.0,22.0,74.0,2024
00-0039613,TE,Dallin Holker,9.83041019153009,25.865109782117187,17,14.640820068706219,0.0,5.1,2,108.0,102.0,105.0,22.0,96.0,2024
00-0038498,TE,E.J. Jenkins,9.314827012221816,19.490977769383605,6,12.367672239370354,0.0,7.7,2,109.0,110.0,110.0,22.0,94.0,2024
00-0038551,RB,Kendre Miller,9.203368154810551,17.23856642824421,2,11.613927636840648,0.0,29.099999999999998,6,119.0,120.0,120.0,26.0,88.0,2024
00-0034365,TE,Ian Thomas,9.165585083275426,16.34337100958378,3,11.318920861167932,0.0,3.7,3,110.0,117.0,113.0,22.0,99.0,2024
00-0036370,RB,Joshua Kelley,9.159363940874982,20.44388278472841,5,12.54471959403101,0.0,0.2,1,120.0,119.0,119.0,26.0,121.0,2024
00-0035639,WR,Parris Campbell,8.973818831518432,15.669797304342042,2,10.982612373365516,0.0,15.0,4,213.0,213.0,213.0,21.0,154.0,2024
00-0031690,TE,Eric Tomlinson,8.040591654708543,18.083084803632477,6,11.053339599385723,0.0,2.9,4,111.0,115.0,114.0,22.0,102.0,2024
00-0035572,TE,Parker Hesse,7.995356971405869,20.505606863156093,8,11.748431938930935,0.0,0.0,0,112.0,108.0,112.0,22.0,115.0,2024
00-0036924,RB,Michael Carter,7.847980229784107,14.595362846597911,1,9.872195014828247,0.0,35.8,3,121.0,123.0,121.0,26.0,77.0,2024
00-0038488,TE,Brady Russell,7.595060588187975,23.757318067459003,17,12.443737831969283,0.0,0.0,0,113.0,104.0,109.0,22.0,115.0,2024
00-0038456,TE,Travis Vokolek,7.462554547486359,22.999388432869537,15,12.123604713101312,0.0,0.0,0,114.0,105.0,111.0,22.0,115.0,2024
00-0035645,WR,Gunner Olszewski,7.411448376208989,13.221765610256323,2,9.154543546423188,0.0,0.0,0,214.0,214.0,214.0,21.0,201.0,2024
00-0037277,TE,Teagan Quitoriano,7.2641871686190305,16.686046351651843,5,10.090744923528874,0.0,0.0,0,115.0,116.0,115.0,22.0,115.0,2024
00-0037609,RB,Aaron Shampklin,6.976175065463023,15.70563411276684,3,9.595012779654166,0.0,1.7,3,122.0,121.0,122.0,26.0,119.0,2024
00-0036176,WR,Mason Kinsey,6.860855333207482,12.204739727230873,2,8.464020651414499,0.0,3.7,2,215.0,217.0,216.0,21.0,185.0,2024
00-0038728,WR,Jared Wayne,6.825221103622063,12.603301190007004,2,8.558645129537545,0.0,0.0,1,216.0,215.0,215.0,21.0,201.0,2024
00-0036640,TE,Zach Davidson,6.725017026400458,14.66041664978702,3,9.105636913416426,0.0,1.5,2,116.0,119.0,117.0,22.0,109.0,2024
00-0037317,TE,Nick Muse,6.66020381257033,15.553111301265568,4,9.328076059178901,0.0,0.0,0,117.0,118.0,116.0,22.0,115.0,2024
00-0036254,WR,Collin Johnson,6.572250552556463,12.36514066685904,2,8.310117586847236,0.0,1.6,2,217.0,216.0,217.0,21.0,195.0,2024
00-0032141,TE,Geoff Swaim,6.262143819705966,13.269413367222937,3,8.364324683961057,0.0,1.7,1,118.0,124.0,121.0,22.0,105.0,2024
00-0038598,QB,Jaren Hall,6.245317585106038,13.365533639188897,1,8.381382401330896,0.0,0.0,0,86.0,86.0,86.0,21.0,73.0,2024
00-0034970,TE,Irv Smith,6.035313964206373,14.237488715298666,4,8.495966389534061,0.0,1.2,1,119.0,122.0,120.0,22.0,112.0,2024
00-0035547,TE,Jody Fortson,5.704625671673441,13.425761197159938,3,8.02096632931939,0.0,1.5,3,120.0,123.0,122.0,22.0,109.0,2024
00-0036842,RB,Kene Nwangwu,5.530556799867866,14.678385894097625,3,8.274905528136793,0.0,0.0,1,123.0,122.0,123.0,26.0,123.0,2024
00-0036096,RB,J.J. Taylor,5.172189162796795,12.34461132271434,2,7.323915810772058,0.0,6.3999999999999995,3,124.0,125.0,124.0,26.0,108.0,2024
00-0034808,RB,John Kelly,4.553308162128348,13.640454488639053,3,7.279452060081558,0.0,0.0,0,125.0,124.0,125.0,26.0,123.0,2024
00-0033455,TE,Anthony Firkser,4.551046885523305,12.8549710700315,4,7.0422241408757635,0.0,0.0,0,121.0,125.0,125.0,22.0,115.0,2024
00-0039420,TE,Jaheim Bell,4.544671532729292,19.043543540316627,17,8.894333135005493,0.0,4.0,3,122.0,112.0,118.0,22.0,98.0,2024
00-0039757,RB,Terrell Jennings,4.528296813260014,11.821117101158094,2,6.716142899629438,0.0,3.3,2,126.0,126.0,126.0,26.0,111.0,2024
00-0038741,TE,John Stephens Jr.,4.475077691309033,14.465512717761277,6,7.472208199244706,0.0,0.0,0,123.0,121.0,123.0,22.0,115.0,2024
00-0036387,WR,Jalen Reagor,4.470467268980594,9.122506540519153,1,5.866079050442162,0.0,14.7,7,218.0,218.0,218.0,21.0,156.0,2024
00-0039648,TE,David Martin-Robinson,4.402141238239986,19.234241519732205,17,8.851771322687652,0.0,1.6,2,124.0,111.0,119.0,22.0,108.0,2024
00-0037085,RB,Tyler Badie,4.221545563889802,9.571733136178445,1,5.826601835576395,0.0,10.200000000000001,4,127.0,128.0,128.0,26.0,103.0,2024
00-0038930,RB,Carlos Washington,4.128401813796142,9.84911093816417,1,5.844614551106551,0.0,0.0,0,128.0,127.0,127.0,26.0,123.0,2024
00-0039614,WR,Jermaine Jackson,3.968204344611906,8.522219331787264,1,5.334408840764514,0.0,-0.1,1,219.0,220.0,220.0,21.0,220.0,2024
00-0036133,WR,James Proche,3.9624331882606976,8.646394969619742,1,5.36762172266841,0.0,5.1,2,220.0,219.0,219.0,21.0,181.0,2024
00-0036913,WR,Kadarius Toney,3.9214685024352818,8.079088401356062,1,5.168754472111516,0.0,-0.39999999999999997,2,221.0,221.0,221.0,21.0,221.0,2024
00-0038145,TE,,3.910042570324869,14.476469758524402,8,7.079970726784728,0.0,0.0,0,125.0,120.0,124.0,22.0,115.0,2024
00-0039471,RB,Frank Gore Jr.,3.7158819459543935,9.171942570022336,1,5.3527001331747766,0.0,0.0,0,129.0,129.0,129.0,26.0,123.0,2024
00-0037451,TE,,3.211529404607792,11.088941195927728,4,5.574752942003772,0.0,0.0,0,126.0,129.0,126.0,22.0,115.0,2024
00-0038643,TE,Brayden Willis,2.689148154565802,12.150951715866878,6,5.527689222956124,0.0,0.0,1,127.0,127.0,127.0,22.0,115.0,2024
00-0039458,TE,Brenden Bates,2.45953594863869,12.664075078344498,7,5.520897687550432,0.0,0.0,1,128.0,126.0,128.0,22.0,115.0,2024
00-0035311,RB,Myles Gaskin,2.161760793222975,9.107566998812704,2,4.2455026548998935,0.0,1.9999999999999998,2,130.0,130.0,130.0,26.0,117.0,2024
00-0031299,TE,Jordan Matthews,2.0766230555586125,8.487725306950711,3,3.999953730976242,0.0,0.0,1,129.0,131.0,130.0,22.0,115.0,2024
00-0034208,RB,Mike Boone,1.8266959483408352,6.773477049581588,1,3.310730278713061,0.0,5.8999999999999995,5,131.0,131.0,131.0,26.0,110.0,2024
00-0039316,TE,Baylor Cupp,1.6686378255381231,5.5043247422793735,1,2.819343900560498,0.0,0.0,1,130.0,133.0,132.0,22.0,115.0,2024
00-0038920,TE,John Samuel Shenker,1.610192122591587,8.735039595020512,4,3.747646364320264,0.0,1.7,1,131.0,130.0,131.0,22.0,105.0,2024
00-0038397,RB,Evan Hull,1.1967762620911246,6.208648983311242,1,2.70033807845716,0.0,0.0,0,132.0,132.0,132.0,26.0,123.0,2024
00-0038590,TE,Justin Shorter,0.9548879561970222,11.31740590708954,8,4.063643341464777,0.0,0.0,0,132.0,128.0,129.0,22.0,115.0,2024
00-0039275,TE,,0.5963561973269172,7.866396941221687,4,2.7773684204953484,0.0,0.0,0,133.0,132.0,133.0,22.0,115.0,2024
00-0039851,QB,Drake Maye,383.8553810488105,426.411691015765,21,396.6222740388968,0.8152,412.88,21,1.0,1.0,1.0,1.0,2.0,2025
00-0034857,QB,Josh Allen,380.2624138303864,423.0258592349239,19,393.0914474517476,0.7843,414.76,18,2.0,2.0,2.0,2.0,1.0,2025
00-0033280,RB,Christian McCaffrey,361.5221041224814,404.69400738534426,19,374.4736751013402,0.9881,458.4,19,1.0,1.0,1.0,1.0,1.0,2025
00-0039075,WR,Puka Nacua,349.7092270563606,388.0011241885357,20,361.1967961960131,0.8656,452.6,19,1.0,1.0,1.0,1.0,1.0,2025
00-0026498,QB,Matthew Stafford,344.2934429028549,383.0075683905156,20,355.9076805491531,0.3643,411.32,20,3.0,3.0,3.0,3.0,3.0,2025
00-0039732,QB,Bo Nix,324.5212328387287,363.7493015082659,19,336.2896534395898,0.1603,320.9,18,4.0,4.0,4.0,4.0,6.0,2025
00-0037834,QB,Brock Purdy,320.3059712082384,358.1988694699378,19,331.6738406867482,0.1252,197.56,11,5.0,5.0,5.0,5.0,22.0,2025
00-0038542,RB,Bijan Robinson,318.55166279380165,357.15701119507975,17,330.13326731418505,0.8333,368.8,17,2.0,2.0,2.0,2.0,2.0,2025
00-0034869,QB,Sam Darnold,318.09984066228515,355.362569223515,20,329.27865923065406,0.1048,279.7,20,6.0,7.0,7.0,7.0,12.0,2025
00-0036389,QB,Jalen Hurts,317.64639320155834,356.71625771347027,18,329.3673525551319,0.1144,313.18,17,7.0,6.0,6.0,6.0,7.0,2025
00-0038543,WR,Jaxon Smith-Njigba,317.13980428310856,354.1129269632886,20,328.23174108716256,0.4972,408.8,20,2.0,2.0,2.0,2.0,2.0,2025
00-0037248,RB,James Cook,315.27164373691204,354.05555965766666,19,326.90681851313843,0.7989,323.4,19,3.0,3.0,3.0,3.0,5.0,2025
00-0036355,QB,Justin Herbert,315.14310365944124,353.298069261278,18,326.58959333999223,0.0922,294.94,17,8.0,8.0,8.0,8.0,10.0,2025
00-0036223,RB,Jonathan Taylor,314.5893004618476,352.7148028390085,17,326.0269511749958,0.7962,360.3,17,4.0,4.0,4.0,4.0,4.0,2025
00-0039139,RB,Jahmyr Gibbs,311.6998076112896,351.202905500578,17,323.5507369780761,0.7574,366.9,17,5.0,5.0,5.0,5.0,3.0,2025
00-0039918,QB,Caleb Williams,308.75061792339466,347.34546959865673,19,320.32907342597326,0.0652,352.90000000000003,19,9.0,9.0,9.0,9.0,5.0,2025
00-0034796,QB,Lamar Jackson,307.0257523750658,346.111710100535,17,318.75153969270656,0.0606,212.85999999999999,13,10.0,10.0,10.0,10.0,21.0,2025
00-0039040,RB,De'Von Achane,305.4944193777199,343.6346374408319,17,316.93648479665353,0.6965,322.8,16,6.0,6.0,6.0,6.0,6.0,2025
00-0033873,QB,Patrick Mahomes,302.85093144510444,341.0001429248769,17,314.29569488903616,0.0437,281.68,14,11.0,11.0,11.0,11.0,11.0,2025
00-0033077,QB,Dak Prescott,299.2262684527552,336.0082579966289,17,310.26086531591733,0.0279,307.78,17,12.0,12.0,12.0,12.0,8.0,2025
00-0033106,QB,Jared Goff,296.9446610429849,333.21386169648616,17,307.8254212390352,0.0229,297.06,17,13.0,13.0,13.0,13.0,9.0,2025
00-0037840,RB,Kyren Williams,296.7041111257028,334.8099074802272,20,308.13585003206015,0.5826,320.6,20,7.0,7.0,7.0,7.0,7.0,2025
00-0034844,RB,Saquon Barkley,295.08458006420955,332.1878553288554,18,306.2155626436033,0.5633,246.4,17,8.0,8.0,8.0,8.0,13.0,2025
00-0036264,QB,Jordan Love,293.2042118027466,329.5218385042919,18,304.0994998132102,0.0162,261.15999999999997,16,14.0,15.0,14.0,15.0,14.0,2025
00-0039910,QB,Jayden Daniels,291.59172398425125,330.6222524781747,17,303.30088253242826,0.021,112.28,7,15.0,14.0,15.0,14.0,34.0,2025
00-0036900,WR,Ja'Marr Chase,291.10467648816257,325.3163078435816,17,301.36816589478826,0.1692,313.6,16,3.0,3.0,3.0,3.0,4.0,2025
00-0036971,QB,Trevor Lawrence,287.9050500694494,324.5940591655506,18,298.91175279827974,0.0119,355.56,18,16.0,16.0,16.0,16.0,4.0,2025
00-0034855,QB,Baker Mayfield,279.0165265398619,315.0143497328661,17,289.81587349776316,0.0055,267.92,17,17.0,17.0,17.0,17.0,13.0,2025
00-0035710,QB,Daniel Jones,278.0462030886099,313.4727424287775,17,288.67416489066017,0.0043,224.44,13,18.0,18.0,18.0,18.0,19.0,2025
00-0039163,QB,C.J. Stroud,276.2464890922535,312.4239697517715,19,287.0997332901089,0.0039,222.11999999999998,16,19.0,19.0,19.0,19.0,20.0,2025
00-0037238,WR,Drake London,274.8780969248617,309.2039636276804,17,285.1758569357073,0.0607,199.9,12,4.0,4.0,4.0,5.0,24.0,2025
00-0036963,WR,Amon-Ra St. Brown,274.10072876683915,309.0880789767299,17,284.59693382980635,0.0615,324.0,17,5.0,5.0,5.0,4.0,3.0,2025
00-0036358,WR,CeeDee Lamb,272.4660075192134,307.0957041199906,17,282.8549164994466,0.0504,200.9,13,6.0,6.0,6.0,6.0,22.0,2025
00-0036275,RB,D'Andre Swift,261.12836084924965,296.8459231565648,19,271.8436295414442,0.1455,253.4,18,9.0,9.0,9.0,9.0,12.0,2025
00-0035700,RB,Josh Jacobs,259.2210569479977,294.7723510107594,18,269.8864451668262,0.131,243.9,16,10.0,10.0,10.0,10.0,15.0,2025
00-0038597,RB,Chase Brown,257.9326292332448,293.7035762467707,17,268.6639133373026,0.1243,280.6,17,11.0,11.0,11.0,11.0,8.0,2025
00-0032764,RB,Derrick Henry,256.6600635468206,291.30766005087145,17,267.05434249803585,0.1086,279.5,17,12.0,12.0,12.0,12.0,9.0,2025
00-0039361,RB,Bucky Irving,255.00209578189728,289.28533806255484,17,265.2870684660945,0.0948,138.5,10,13.0,13.0,13.0,13.0,36.0,2025
00-0034348,WR,Courtland Sutton,252.5184002754773,286.67588035762697,19,262.7656443001222,0.0084,237.7,19,7.0,7.0,7.0,7.0,10.0,2025
00-0031381,WR,Davante Adams,252.3296552425838,285.43636770750004,20,262.26166898205867,0.0072,258.4,17,8.0,8.0,8.0,8.0,7.0,2025
00-0023459,QB,Aaron Rodgers,249.69058442686836,283.91301259707603,18,259.9573128779307,0.0,226.92,17,20.0,20.0,20.0,21.0,17.0,2025
00-0035228,QB,Kyler Murray,246.428174291916,282.96726263595565,17,257.3899007951279,0.0001,77.78,5,21.0,21.0,21.0,20.0,38.0,2025
00-0035676,WR,A.J. Brown,244.4651162041129,277.8521643240233,18,254.48123064008598,0.0039,225.8,16,9.0,9.0,9.0,9.0,13.0,2025
00-0036875,RB,Rhamondre Stevenson,242.81554286939823,277.93310453461424,21,253.35081136896304,0.0431,227.1,18,14.0,14.0,14.0,14.0,19.0,2025
00-0039150,QB,Bryce Young,242.71401847819476,276.7351339909084,18,252.92035313200887,0.0,237.0,17,22.0,22.0,22.0,21.0,16.0,2025
00-0037744,TE,Trey McBride,241.77571773626804,273.75498218335684,16,251.3694970703947,0.9496,315.9,17,1.0,1.0,1.0,1.0,1.0,2025
00-0039923,QB,J.J. McCarthy,239.7019442696221,274.0568636674757,17,250.00842008897814,0.0,123.38,10,23.0,23.0,23.0,21.0,32.0,2025
00-0036554,WR,Nico Collins,238.6411128004812,269.65869191504964,19,247.94638653485174,0.001,229.3,16,10.0,11.0,11.0,10.0,11.0,2025
00-0039064,WR,Zay Flowers,238.6124472564107,271.020213424898,17,248.33477710695684,0.0009,243.3,17,11.0,10.0,10.0,11.0,8.0,2025
00-0036997,RB,Javonte Williams,236.51112780888403,271.3616621237859,17,246.9662881033546,0.024,242.8,16,15.0,15.0,15.0,15.0,16.0,2025
00-0039917,QB,Michael Penix Jr.,235.84617969667363,270.0861340916344,17,246.11816601516188,0.0,118.28,9,24.0,24.0,24.0,21.0,33.0,2025
00-0036973,RB,Travis Etienne,235.44368584524105,269.38650879745404,18,245.62653273090496,0.0211,276.5,18,16.0,17.0,17.0,17.0,10.0,2025
00-0038134,RB,Kenneth Walker III,235.43062173113785,269.53381240939973,20,245.6615789346164,0.0225,266.6,20,17.0,16.0,16.0,16.0,11.0,2025
00-0038120,RB,Breece Hall,231.6965761524723,264.2451951104392,17,241.46116183986234,0.0133,207.66,16,18.0,18.0,18.0,18.0,23.0,2025
00-0036322,WR,Justin Jefferson,231.44497993831783,262.5705585470302,17,240.78265352093155,0.0005,201.5,17,12.0,13.0,13.0,12.0,20.0,2025
00-0039919,WR,Rome Odunze,231.43881096774768,263.1410951523579,19,240.94949622313072,0.0004,158.9,14,13.0,12.0,12.0,13.0,39.0,2025
00-0036945,QB,Justin Fields,228.48307585308712,264.016361442416,17,239.14306152988576,0.0,132.66,9,25.0,25.0,25.0,21.0,29.0,2025
00-0040691,QB,Jaxson Dart,227.9437755077973,263.75170272816905,17,238.6861536739088,0.0,239.58,14,26.0,26.0,26.0,21.0,15.0,2025
00-0030565,QB,Geno Smith,226.7024931803979,259.0677108217316,17,236.412058472798,0.0,171.9,15,27.0,27.0,27.0,21.0,24.0,2025
00-0037228,RB,Jaylen Warren,225.8418019580141,259.02495383700824,18,235.79674752171232,0.0081,222.8,17,19.0,19.0,19.0,19.0,20.0,2025
00-0037239,WR,Chris Olave,225.75875447473132,256.2394011438463,17,234.9029484754658,0.0003,268.0,16,14.0,15.0,14.0,14.0,6.0,2025
00-0037247,WR,George Pickens,224.77232060629177,256.87155295990584,17,234.402090312376,0.0003,289.9,17,15.0,14.0,15.0,14.0,5.0,2025
00-0039893,WR,Brian Thomas Jr.,223.5778043002292,254.5306240118789,18,232.8636502137241,0.0003,148.9,15,16.0,16.0,16.0,14.0,43.0,2025
00-0036252,WR,Michael Pittman,220.48817836460472,251.20902888908856,17,229.70443352194985,0.0,200.4,17,17.0,17.0,17.0,19.0,23.0,2025
00-0040734,RB,TreVeyon Henderson,219.96483501906403,253.70039312741943,21,230.08550245157062,0.0046,222.1,21,20.0,20.0,20.0,20.0,21.0,2025
00-0039915,WR,Ladd McConkey,219.53658886283296,250.9409988645804,18,228.9579118633572,0.0,187.1,17,18.0,18.0,18.0,19.0,32.0,2025
00-0036972,QB,Mac Jones,219.5295512225544,256.29321655605,19,230.55865082260306,0.0,128.9,12,28.0,28.0,28.0,21.0,30.0,2025
00-0039067,WR,Rashee Rice,217.61219645429225,247.3024804619848,17,226.51928165660001,0.0,148.1,8,19.0,20.0,19.0,19.0,45.0,2025
00-0034960,WR,Jakobi Meyers,217.43438008526908,247.32864138935943,18,226.40265847649619,0.0,178.0,17,20.0,19.0,20.0,19.0,35.0,2025
00-0038117,WR,Wan'Dale Robinson,217.3873724840294,246.85739647125715,17,226.22837968019775,0.0001,217.89999999999998,16,21.0,21.0,21.0,17.0,16.0,2025
00-0040666,RB,Omarion Hampton,217.0584356737856,249.73978978812715,18,226.86284190808806,0.003,135.6,10,21.0,21.0,21.0,21.0,37.0,2025
00-0040124,WR,Tetairoa McMillan,214.3646658429656,243.40398821523297,18,223.0764625546458,0.0,226.5,18,22.0,22.0,22.0,19.0,12.0,2025
00-0036212,QB,Tua Tagovailoa,213.95129484355823,246.3692688380672,17,223.6766870419109,0.0,158.7,14,29.0,30.0,29.0,21.0,25.0,2025
00-0036442,QB,Joe Burrow,211.7942413689062,246.5467496186473,17,222.2199938438285,0.0,134.45999999999998,8,30.0,29.0,30.0,21.0,28.0,2025
00-0026158,QB,Joe Flacco,209.79602677444788,242.97042189458864,17,219.7483453104901,0.0,142.66,13,31.0,31.0,31.0,21.0,27.0,2025
00-0036139,RB,Rico Dowdle,209.46103342805904,242.0476552496837,18,219.23701997454643,0.001,218.8,18,22.0,22.0,22.0,22.0,22.0,2025
00-0031588,WR,Stefon Diggs,208.40763027084412,238.9197470751496,21,217.56126531213576,0.0001,241.3,21,23.0,23.0,23.0,17.0,9.0,2025
00-0038544,WR,Quentin Johnston,207.320177297678,237.09469869374308,18,216.2525337164975,0.0,176.2,14,24.0,25.0,24.0,19.0,36.0,2025
00-0039376,QB,Spencer Rattler,207.2321076420616,240.478792113316,17,217.2061129834379,0.0,99.14,9,32.0,32.0,32.0,21.0,36.0,2025
00-0040122,RB,Ashton Jeanty,206.76829892041005,238.19121367588335,17,216.19517334705205,0.0008,245.1,17,23.0,23.0,23.0,23.0,14.0,2025
00-0035640,WR,DK Metcalf,206.736203143612,237.09601761444895,18,215.84414748486307,0.0,193.4,16,25.0,24.0,25.0,19.0,28.0,2025
00-0033090,TE,Hunter Henry,206.43197258761384,235.2464678564548,21,215.07632116826613,0.5404,205.0,21,2.0,2.0,2.0,2.0,3.0,2025
00-0039337,WR,Malik Nabers,204.37379670198723,233.2994273211315,17,213.0514858877305,0.0,57.1,4,26.0,26.0,26.0,19.0,103.0,2025
00-0038476,QB,Tommy DeVito,203.12167731303083,236.36020011203087,21,213.09323415273082,0.0,0.0,0,33.0,34.0,33.0,21.0,74.0,2025
00-0033119,QB,Jacoby Brissett,202.0199412670206,235.2958750309275,17,212.00272139619267,0.0,225.44,14,34.0,35.0,34.0,21.0,18.0,2025
00-0038996,TE,Tucker Kraft,201.42049808124523,229.70785527234625,18,209.9067052385755,0.4505,117.19999999999999,8,3.0,4.0,3.0,3.0,24.0,2025
00-0039338,TE,Brock Bowers,201.2140733009504,229.7814597421355,17,209.7842892333059,0.4426,174.2,12,4.0,3.0,4.0,4.0,12.0,2025
00-0036912,WR,DeVonta Smith,200.96195376006304,230.9601649695433,18,209.9614171229071,0.0,216.79999999999998,18,27.0,27.0,27.0,19.0,17.0,2025
00-0039164,QB,Anthony Richardson,200.36667449191276,236.54691351263577,17,211.22074619812963,0.0,2.1599999999999997,2,35.0,33.0,35.0,21.0,67.0,2025
00-0040676,QB,Cam Ward,199.76183564244587,231.65618144345328,17,209.3301393827481,0.0,186.66,17,36.0,36.0,36.0,21.0,23.0,2025
00-0037740,WR,Garrett Wilson,199.68438834041297,226.51208225021796,17,207.73269651335445,0.0,99.5,7,28.0,28.0,28.0,19.0,65.0,2025
00-0035261,RB,Tony Pollard,198.55549600672333,228.7507900940395,17,207.61408423291817,0.0002,185.8,17,24.0,24.0,24.0,24.0,24.0,2025
00-0038041,TE,Jake Ferguson,198.40907782345465,227.41088838671317,17,207.10962099243218,0.403,186.1,17,5.0,5.0,5.0,5.0,10.0,2025
00-0036259,WR,Jauan Jennings,196.50980323445663,225.55388779606545,19,205.22302860293925,0.0,186.26,17,29.0,29.0,29.0,19.0,33.0,2025
00-0039916,WR,Ricky Pearsall,195.3675664420855,224.7153573357786,19,204.17190371019342,0.0,88.6,10,30.0,30.0,30.0,19.0,75.0,2025
00-0037261,WR,Khalil Shakir,194.4874413327958,223.41875326041267,19,203.16683491108085,0.0,201.1,18,31.0,32.0,32.0,19.0,21.0,2025
00-0034827,WR,D.J. Moore,194.4006484836321,223.8557085193157,19,203.23716649433717,0.0,207.07999999999998,19,32.0,31.0,31.0,19.0,19.0,2025
00-0036158,RB,J.K. Dobbins,194.1186730251708,225.33890774261596,19,203.48474344040432,0.0002,115.9,10,25.0,25.0,25.0,24.0,43.0,2025
00-0039868,WR,Troy Franklin,193.764015544346,223.11673880091945,19,202.56983252131803,0.0,171.1,17,33.0,33.0,33.0,19.0,37.0,2025
00-0031408,WR,Mike Evans,193.548055334057,222.7961748299116,17,202.3224911828134,0.0,84.8,8,34.0,34.0,34.0,19.0,78.0,2025
00-0040128,TE,Tyler Warren,192.7919451915158,220.7570021091279,17,201.18146226679943,0.2998,188.5,17,6.0,6.0,6.0,6.0,8.0,2025
00-0032268,QB,Marcus Mariota,192.7546676358637,227.09569372122803,17,203.05697546147297,0.0,123.5,10,37.0,37.0,37.0,21.0,31.0,2025
00-0040129,WR,Emeka Egbuka,191.929248173346,220.6214892173469,17,200.53692048654625,0.0,193.7,17,35.0,36.0,35.0,19.0,27.0,2025
00-0036555,RB,Chuba Hubbard,190.97934636116645,221.80024425568357,18,200.2256157295216,0.0,145.3,16,26.0,26.0,26.0,27.0,32.0,2025
00-0039065,TE,Sam LaPorta,190.18764979270344,218.0155311554716,17,198.53601420153387,0.2639,106.9,9,7.0,7.0,7.0,7.0,29.0,2025
00-0037240,WR,Jameson Williams,190.13372230757616,220.8294713299529,17,199.34244701428918,0.0,219.9,17,36.0,35.0,36.0,19.0,15.0,2025
00-0030279,WR,Keenan Allen,189.7525641561313,217.85228880832028,18,198.182481551788,0.0,188.2,18,37.0,37.0,37.0,19.0,31.0,2025
00-0039165,RB,Zach Charbonnet,189.39190674590915,221.59813817396605,20,199.05377617432623,0.0001,181.4,17,27.0,27.0,27.0,26.0,25.0,2025
00-0030506,TE,Travis Kelce,189.24402106430543,216.77541205123725,17,197.50343836038496,0.2475,191.2,17,8.0,8.0,8.0,8.0,6.0,2025
00-0040715,RB,Cam Skattebo,188.2991002627689,218.79291148713276,17,197.44724363007805,0.0,125.7,8,28.0,28.0,28.0,27.0,39.0,2025
00-0039849,WR,Marvin Harrison Jr.,187.6335753942054,216.8901878228086,16,196.41055912278634,0.0,125.80000000000001,12,38.0,38.0,38.0,19.0,52.0,2025
00-0033906,RB,Alvin Kamara,187.39004443079503,217.70072162731117,17,196.48324758974985,0.0,100.7,11,29.0,29.0,29.0,27.0,46.0,2025
00-0029604,QB,Kirk Cousins,186.9646831282864,218.5603909253121,17,196.4433954673941,0.0,103.54,10,38.0,39.0,39.0,21.0,35.0,2025
00-0038579,QB,Aidan O'Connell,186.94455346914157,220.6542529633023,17,197.05746331738976,0.0,4.78,1,39.0,38.0,38.0,21.0,62.0,2025
00-0037545,WR,Rashid Shaheed,186.65015249839007,214.6665360820155,21,195.0550675734777,0.0,157.6,21,39.0,39.0,39.0,19.0,40.0,2025
00-0035719,WR,Deebo Samuel,185.4110380725776,212.42187769462157,17,193.5142899591908,0.0,188.20000000000002,16,40.0,41.0,41.0,19.0,30.0,2025
00-0038994,WR,Jordan Addison,185.32079551407168,214.000184951318,17,193.92461234524558,0.0,135.1,14,41.0,40.0,40.0,19.0,51.0,2025
00-0034351,TE,Dallas Goedert,184.65612328233448,211.8171012108426,18,192.80441666088691,0.1818,204.5,16,9.0,9.0,9.0,9.0,4.0,2025
00-0036919,RB,Kenneth Gainwell,184.61951609854708,216.3463648937457,18,194.13757073710667,0.0,229.9,18,30.0,30.0,30.0,27.0,17.0,2025
00-0036970,TE,Kyle Pitts,183.04921327534564,209.9010628267814,17,191.10476814077637,0.1553,210.8,17,10.0,11.0,10.0,11.0,2.0,2025
00-0036613,WR,Jaylen Waddle,182.59947647711405,210.71037946976017,17,191.03274737490787,0.0,194.12,16,42.0,42.0,42.0,19.0,26.0,2025
00-0033288,TE,George Kittle,182.42231971814164,210.6024875843809,19,190.8763700780134,0.1641,163.1,12,11.0,10.0,11.0,10.0,14.0,2025
00-0036407,WR,Jerry Jeudy,182.1669298247091,208.80244115016384,17,190.1575832223455,0.0,120.7,17,43.0,43.0,43.0,19.0,54.0,2025
00-0033293,RB,Aaron Jones,182.10893023522047,211.996195331482,17,191.0751097640989,0.0,118.7,12,31.0,31.0,31.0,27.0,42.0,2025
00-0033921,WR,Chris Godwin,181.097449643002,208.58072143608248,17,189.34243118092613,0.0,81.0,9,44.0,44.0,44.0,19.0,83.0,2025
00-0036040,TE,Juwan Johnson,180.58310708866733,207.3643625125992,17,188.61748371584687,0.1353,179.9,17,12.0,13.0,13.0,13.0,11.0,2025
00-0034383,TE,Dalton Schultz,180.52808269716027,208.4097839565572,19,188.89259307497935,0.1436,188.60000000000002,19,13.0,12.0,12.0,12.0,7.0,2025
00-0036410,WR,Tee Higgins,177.43544491017047,206.42757275077136,17,186.13308326235074,0.0,209.6,15,45.0,45.0,45.0,19.0,18.0,2025
00-0031503,QB,Jameis Winston,177.07561626950047,210.58612375137932,17,187.12876851406412,0.0,43.28,3,40.0,40.0,40.0,21.0,46.0,2025
00-0039384,RB,Tyrone Tracy,176.2569010330412,206.0116882179823,17,185.18333718852352,0.0,160.8,15,32.0,32.0,32.0,27.0,29.0,2025
00-0033040,WR,Tyreek Hill,175.9735702202991,202.71528864137443,17,183.9960857466217,0.0,53.5,4,46.0,46.0,46.0,19.0,105.0,2025
00-0031345,QB,Jimmy Garoppolo,175.46851426899465,207.5046805610255,20,185.0793641566039,0.0,-1.0,3,41.0,41.0,41.0,21.0,106.0,2025
00-0035659,WR,Terry McLaurin,173.8887625334814,201.8103784772596,17,182.26524731661488,0.0,114.2,10,47.0,47.0,47.0,19.0,59.0,2025
00-0028118,QB,Tyrod Taylor,173.31856010768274,206.66194622798653,17,183.32157594377387,0.0,59.46,6,42.0,42.0,42.0,21.0,42.0,2025
00-0037664,WR,Alec Pierce,171.12092017382855,199.96427849147955,17,179.77392766912385,0.0,183.3,15,48.0,48.0,48.0,19.0,34.0,2025
00-0032950,QB,Carson Wentz,170.88029465679963,203.54938220699475,17,180.68102092185816,0.0,68.34,5,43.0,43.0,43.0,21.0,40.0,2025
00-0040743,QB,Tyler Shough,170.26394699531198,201.3032349092142,17,179.57573336948263,0.0,155.96,11,44.0,44.0,44.0,21.0,26.0,2025
00-0040663,TE,Harold Fannin,170.0907442884967,195.46955740323293,17,177.70438822291754,0.0482,186.4,16,14.0,14.0,14.0,14.0,9.0,2025
00-0029263,QB,Russell Wilson,167.43122341051594,199.86636415615092,17,177.1617656342064,0.0,49.84,6,45.0,45.0,45.0,21.0,44.0,2025
00-0040730,RB,RJ Harvey,167.17972111359285,198.03807987235703,19,176.4372287412221,0.0,228.1,19,33.0,33.0,33.0,27.0,18.0,2025
00-0033949,QB,Joshua Dobbs,166.99853317630232,199.0584136091976,21,176.61649730617088,0.0,2.1,4,46.0,46.0,46.0,21.0,68.0,2025
00-0040718,WR,Travis Hunter,166.65794768890697,193.57160264581836,18,174.73204417598038,0.0,63.800000000000004,7,49.0,49.0,49.0,19.0,99.0,2025
00-0038563,WR,Tre Tucker,166.12851930127746,192.89415547085125,17,174.1582101521496,0.0,161.7,17,50.0,50.0,50.0,19.0,38.0,2025
00-0035685,RB,David Montgomery,165.888664535562,196.9264710294628,17,175.2000064837322,0.0,164.92000000000002,17,34.0,34.0,34.0,27.0,28.0,2025
00-0038933,TE,Dalton Kincaid,165.62695330770106,192.882253439102,19,173.80354334712132,0.0407,158.20000000000002,14,15.0,15.0,15.0,15.0,16.0,2025
00-0039398,QB,Joe Milton,165.33422332168814,197.1672051619965,17,174.88411787378064,0.0,10.32,4,47.0,47.0,47.0,21.0,58.0,2025
00-0037816,WR,Romeo Doubs,165.20730420729117,192.5888135962574,18,173.42175702398103,0.0,189.8,17,51.0,51.0,51.0,19.0,29.0,2025
00-0040784,RB,Quinshon Judkins,164.1553302811432,192.90461108773263,17,172.78011452312,0.0,167.8,14,35.0,35.0,35.0,27.0,26.0,2025
00-0040704,QB,Dillon Gabriel,164.03682248426176,195.6987580470027,17,173.53540315308402,0.0,70.08,9,48.0,48.0,48.0,21.0,39.0,2025
00-0039894,WR,Xavier Worthy,163.96061928058822,190.83345939794447,17,172.0224713157951,0.0,109.9,14,52.0,52.0,52.0,19.0,64.0,2025
00-0038559,WR,Michael Wilson,163.47847516302298,190.09358510510805,16,171.4630081456485,0.0,220.6,17,53.0,53.0,53.0,19.0,14.0,2025
00-0035100,QB,Jake Browning,163.3431132555912,195.12021363419527,17,172.8762433691724,0.0,48.74,5,49.0,50.0,49.0,21.0,45.0,2025
00-0036898,QB,Davis Mills,162.59810096566562,195.3792498450423,19,172.43244562947862,0.0,66.6,6,50.0,49.0,50.0,21.0,41.0,2025
00-0038608,WR,Kayshon Boutte,162.24247048820354,189.36497849515703,21,170.37922289028958,0.0,155.9,18,54.0,54.0,54.0,19.0,41.0,2025
00-0039901,WR,Keon Coleman,161.9577924729415,189.21519182705848,19,170.13501227917658,0.0,113.0,14,55.0,55.0,55.0,19.0,61.0,2025
00-0033537,QB,Deshaun Watson,161.9452746900374,193.11405198392293,17,171.29590787820305,0.0,0.0,0,51.0,52.0,51.0,21.0,74.0,2025
00-0027973,QB,Andy Dalton,161.0216669141786,193.64716798359663,18,170.80931723500402,0.0,9.52,4,52.0,51.0,52.0,21.0,59.0,2025
00-0038400,QB,Tanner McKee,160.35692871458508,192.28962425771417,18,169.9367373775238,0.0,13.760000000000002,4,53.0,53.0,53.0,21.0,55.0,2025
00-0035704,QB,Drew Lock,160.1854059764136,190.9549049776083,20,169.41625567677198,0.0,0.09999999999999998,3,54.0,54.0,54.0,21.0,73.0,2025
00-0038606,WR,Parker Washington,159.03626990157977,184.9645222637588,18,166.81474561023347,0.0,196.6,16,56.0,56.0,56.0,19.0,25.0,2025
00-0033908,WR,Cooper Kupp,158.97016041428608,184.67758297892047,20,166.68238718367638,0.0,151.0,19,57.0,57.0,57.0,19.0,42.0,2025
00-0038935,TE,Brenton Strange,158.22299223816978,184.2974126412644,18,166.04531835909816,0.0139,120.9,13,16.0,16.0,16.0,16.0,23.0,2025
00-0037197,RB,Isiah Pacheco,157.8913683706711,187.3439412577557,17,166.72714023679646,0.0,87.3,13,36.0,36.0,36.0,27.0,56.0,2025
00-0033555,WR,Mack Hollins,156.92965898218588,184.25516326017407,21,165.12731026558234,0.0,138.3,16,58.0,58.0,58.0,19.0,49.0,2025
00-0040583,RB,Woody Marks,156.78579938319103,185.9917864279693,19,165.54759549662452,0.0,165.9,18,37.0,37.0,37.0,27.0,27.0,2025
00-0033923,RB,Kareem Hunt,155.85246302119583,185.35377722328263,17,164.70285728182188,0.0,145.4,17,38.0,38.0,38.0,27.0,31.0,2025
00-0030061,TE,Zach Ertz,154.25314899850628,179.59830218779112,17,161.85669495529172,0.0094,124.39999999999999,13,17.0,17.0,17.0,17.0,20.0,2025
00-0037256,RB,Rachaad White,153.90108740747343,182.7264397299,17,162.5486931042014,0.0,143.0,17,39.0,39.0,39.0,27.0,33.0,2025
00-0034771,QB,Mason Rudolph,153.45777178293577,185.28758027893892,18,163.0067143317367,0.0,15.08,6,55.0,55.0,55.0,21.0,54.0,2025
00-0035289,QB,Gardner Minshew,152.0268004183931,182.43010997914652,17,161.1477932866191,0.0,-0.3200000000000003,4,56.0,56.0,56.0,21.0,105.0,2025
00-0035993,QB,Tyler Huntley,151.45584735710298,181.5940283440933,13,160.49730165320005,0.0,40.14,5,57.0,57.0,57.0,21.0,47.0,2025
00-0040236,RB,Kyle Monangai,151.1914257027207,180.50570870404425,19,159.98571060311775,0.0,159.8,19,40.0,40.0,40.0,27.0,30.0,2025
00-0038129,TE,Cade Otton,150.07471184565188,175.16497347079203,17,157.60179033319392,0.0034,122.19999999999999,15,18.0,18.0,18.0,18.0,22.0,2025
00-0035662,WR,Marquise Brown,149.14209122959025,174.7740870628353,17,156.83168997956375,0.0,137.7,16,59.0,60.0,59.0,19.0,50.0,2025
00-0036261,WR,Brandon Aiyuk,148.3497057574774,175.07947476441336,19,156.3686364595582,0.0,0.0,0,60.0,59.0,60.0,19.0,219.0,2025
00-0039793,TE,AJ Barner,148.2742249272249,173.51102220719488,20,155.8452641112159,0.0031,166.20000000000002,20,19.0,19.0,19.0,19.0,13.0,2025
00-0033662,QB,Cooper Rush,147.92850868408527,180.12002052390133,17,157.58596223603007,0.0,1.7200000000000002,4,58.0,58.0,58.0,21.0,70.0,2025
00-0037525,RB,Jordan Mason,147.44098532017526,175.73478824986415,17,155.9291261990819,0.0,128.9,16,41.0,41.0,41.0,27.0,38.0,2025
00-0038124,WR,Christian Watson,146.76320209905273,172.79133632414215,18,154.57164236657957,0.0,145.0,11,61.0,61.0,61.0,19.0,46.0,2025
00-0038997,WR,Josh Downs,146.68055123211067,171.0795663017523,17,154.00025575300316,0.0,138.4,16,62.0,62.0,62.0,19.0,48.0,2025
00-0037327,QB,Skylar Thompson,146.4269007450247,176.59072757065607,18,155.4760487927141,0.0,0.0,0,59.0,59.0,59.0,21.0,74.0,2025
00-0039032,RB,Tyjae Spears,144.16761763667807,171.83427625840065,17,152.46761522319485,0.0,111.7,13,42.0,43.0,42.0,27.0,44.0,2025
00-0040668,QB,Shedeur Sanders,143.63518118265998,173.85124423190103,17,152.70000009743228,0.0,84.9,8,60.0,61.0,60.0,21.0,37.0,2025
00-0039738,RB,Blake Corum,141.84315063909972,171.86075295942712,20,150.84843133519794,0.0,142.8,20,43.0,42.0,43.0,27.0,34.0,2025
00-0039152,QB,Will Levis,141.65970847254036,174.0895414538252,17,151.3886583669258,0.0,0.0,0,61.0,60.0,61.0,21.0,74.0,2025
00-0033699,RB,Austin Ekeler,140.87286878538052,167.96784803498377,17,149.0013625602615,0.0,13.1,2,44.0,44.0,44.0,27.0,97.0,2025
00-0033110,TE,Tyler Higbee,138.70053887005838,164.22356683417914,20,146.35744725929462,0.0011,83.5,12,20.0,20.0,20.0,20.0,37.0,2025
00-0037112,TE,Jake Tonges,137.65933514459195,162.91917428580982,19,145.2372868869573,0.0004,104.6,11,21.0,21.0,21.0,23.0,30.0,2025
00-0036309,WR,Darnell Mooney,137.29138605231023,162.405118181111,17,144.82550569095045,0.0,82.3,15,63.0,63.0,63.0,19.0,80.0,2025
00-0033881,TE,Evan Engram,137.1678180428422,162.6887460614565,19,144.82409644842647,0.0009,108.4,18,22.0,22.0,22.0,21.0,28.0,2025
00-0040242,RB,Jacory Croskey-Merritt,136.7604683898021,164.81010067191554,17,145.17535807443613,0.0,140.3,17,45.0,45.0,45.0,27.0,35.0,2025
00-0039391,RB,Kimani Vidal,136.7595286053337,163.85156342955435,15,144.8871390525999,0.0,125.0,13,46.0,46.0,46.0,27.0,40.0,2025
00-0039855,WR,Jalen McMillan,136.47101270497888,161.44524022553466,17,143.9632809611456,0.0,29.9,4,64.0,64.0,64.0,19.0,140.0,2025
00-0039847,TE,Theo Johnson,135.64407353800848,158.99197039217708,17,142.64844259425905,0.0,127.8,15,23.0,23.0,23.0,27.0,19.0,2025
00-0035229,TE,T.J. Hockenson,134.6750610807871,158.79974352122724,17,141.91246581291912,0.0006,112.8,15,24.0,24.0,24.0,22.0,27.0,2025
00-0039146,WR,Jayden Reed,134.52206723616976,158.91670521584945,18,141.84045863007367,0.0,64.2,6,65.0,65.0,65.0,19.0,98.0,2025
00-0034753,TE,Mark Andrews,134.37316107106315,158.23280476552335,17,141.5310541794012,0.0002,131.0,17,25.0,25.0,25.0,24.0,18.0,2025
00-0039342,WR,Xavier Legette,134.12735356924395,157.38210418716437,18,141.10377875462007,0.0,91.1,16,66.0,67.0,67.0,19.0,72.0,2025
00-0038977,WR,Tank Dell,133.9897892313318,158.4356658071928,19,141.3235522040901,0.0,0.0,0,67.0,66.0,66.0,19.0,219.0,2025
00-0038128,QB,Malik Willis,133.15241648639557,164.33041160016276,18,142.50581502052572,0.0,51.17999999999999,4,62.0,62.0,62.0,21.0,43.0,2025
00-0033885,TE,David Njoku,132.74296890815123,155.82052225254645,17,139.6662349114698,0.0001,86.3,11,26.0,26.0,26.0,25.0,36.0,2025
00-0033897,RB,Joe Mixon,132.31501138081936,160.47174621763563,19,140.76203183186422,0.0,0.0,0,47.0,47.0,47.0,27.0,136.0,2025
00-0034837,WR,Calvin Ridley,132.25129575104614,156.3952886399258,17,139.49449361771002,0.0,47.3,7,68.0,68.0,68.0,19.0,118.0,2025
00-0034775,WR,Christian Kirk,131.72955111874498,155.07909758423892,19,138.73441505839315,0.0,96.3,13,69.0,69.0,69.0,19.0,67.0,2025
00-0037012,QB,Trey Lance,131.0733909743073,162.13713493025634,18,140.392514161092,0.0,13.54,4,63.0,63.0,63.0,21.0,56.0,2025
00-0035208,WR,Olamide Zaccheaus,130.61214043465918,153.9524985047723,19,137.61424785569312,0.0,94.5,16,70.0,70.0,70.0,19.0,69.0,2025
00-0038976,WR,Marvin Mims,129.97874489120176,153.70017848789135,19,137.09517497020863,0.0,122.5,17,71.0,71.0,71.0,19.0,53.0,2025
00-0040189,TE,Oronde Gadsden,129.42985919303842,153.17466743752027,18,136.55330166638296,0.0,137.4,16,27.0,27.0,27.0,27.0,17.0,2025
00-0040170,WR,Elic Ayomanor,128.29346625819278,151.08179569291892,17,135.12996508861062,0.0,116.5,16,72.0,73.0,72.0,19.0,57.0,2025
00-0037837,WR,Calvin Austin III,127.28750637850912,151.84555285423852,18,134.65492032122793,0.0,90.0,15,73.0,72.0,73.0,19.0,73.0,2025
00-0040126,TE,Colston Loveland,125.45285460810511,149.9960393967522,19,132.81581004469922,0.0001,196.4,18,28.0,28.0,28.0,25.0,5.0,2025
00-0033307,WR,Kendrick Bourne,125.22905914281073,149.47015181242412,18,132.50138694369474,0.0,92.1,15,74.0,74.0,74.0,19.0,71.0,2025
00-0034975,RB,Justice Hill,125.1683112743653,152.92095793600944,17,133.49410527285852,0.0,65.2,9,48.0,48.0,48.0,27.0,60.0,2025
00-0038797,RB,Emanuel Wilson,124.4396750893586,151.620913385734,18,132.59404657827122,0.0,92.8,17,49.0,49.0,49.0,27.0,52.0,2025
00-0039880,WR,Malik Washington,124.30394660598748,146.7047922740367,17,131.02420030640224,0.0,110.7,17,75.0,75.0,75.0,19.0,62.0,2025
00-0038102,QB,Kenny Pickett,124.16821789324452,153.71493318426053,17,133.0322324805493,0.0,7.720000000000001,6,64.0,64.0,64.0,21.0,60.0,2025
00-0034791,RB,Nick Chubb,123.96243843557497,151.59351567033346,19,132.2517616060025,0.0,94.5,17,50.0,50.0,50.0,27.0,49.0,2025
00-0039491,WR,Jalen Coker,123.12080246999312,145.98834172083616,18,129.98106424524602,0.0,116.8,12,76.0,76.0,76.0,19.0,56.0,2025
00-0040735,WR,Luther Burden,121.58499898477652,144.65181200973186,19,128.5050428922631,0.0,140.1,17,77.0,79.0,77.0,19.0,47.0,2025
00-0038621,WR,Demario Douglas,121.2101926598412,144.45876022808534,21,128.18476293031443,0.0,118.2,20,78.0,80.0,80.0,19.0,55.0,2025
00-0040667,WR,Matthew Golden,121.18436776166602,145.00138846385306,18,128.32947397232212,0.0,88.4,15,79.0,77.0,78.0,19.0,76.0,2025
00-0039921,RB,Trey Benson,121.16466563234586,147.2578753207058,16,128.99262853885384,0.0,35.4,4,51.0,51.0,51.0,27.0,78.0,2025
00-0035535,WR,Darius Slayton,121.12177517532967,144.82794095821166,17,128.23362491019427,0.0,94.8,14,80.0,78.0,79.0,19.0,68.0,2025
00-0037809,TE,Chigoziem Okonkwo,120.68471672041886,143.55183910132297,17,127.54485343469008,0.0,124.0,17,29.0,29.0,29.0,27.0,21.0,2025
00-0038619,WR,Andrei Iosivas,119.5863461079685,142.66920392429458,17,126.51120345286631,0.0,89.9,15,81.0,81.0,81.0,19.0,74.0,2025
00-0032434,QB,Brandon Allen,119.43545887818736,147.99393524423243,17,128.00300178800086,0.0,0.8799999999999999,1,65.0,65.0,65.0,21.0,72.0,2025
00-0035537,RB,Ty Johnson,118.16991547655108,146.31753542288115,19,126.61420146045009,0.0,100.3,17,52.0,52.0,52.0,27.0,47.0,2025
00-0040648,WR,Tory Horton,117.4790704948932,141.57723381255025,20,124.7085194901903,0.0,59.1,7,82.0,82.0,82.0,19.0,102.0,2025
00-0039363,RB,Isaac Guerendo,117.35028460504904,144.71459927390814,19,125.55957900570675,0.0,0.0,0,53.0,53.0,53.0,27.0,136.0,2025
00-0036550,WR,Rashod Bateman,117.186219848094,140.88217295714924,17,124.29500578081056,0.0,53.4,13,83.0,83.0,83.0,19.0,106.0,2025
00-0036988,WR,Joshua Palmer,117.15840144178564,140.0260917693275,19,124.0187085400482,0.0,52.3,12,84.0,84.0,84.0,19.0,108.0,2025
00-0040130,WR,Jayden Higgins,117.07948667451092,139.98487122980498,19,123.95110204109913,0.0,148.3,19,85.0,85.0,85.0,19.0,44.0,2025
00-0035644,TE,Noah Fant,117.05035305361454,140.27877766090955,17,124.01888043580303,0.0,74.8,13,30.0,30.0,30.0,27.0,38.0,2025
00-0033553,RB,James Conner,116.89386534444787,143.51385636707985,16,124.87986265123746,0.0,33.300000000000004,3,54.0,54.0,54.0,27.0,79.0,2025
00-0038393,WR,Dontayvion Wicks,115.97734179476876,138.46544271709064,18,122.72377207146532,0.0,75.8,13,86.0,86.0,86.0,19.0,87.0,2025
00-0040736,TE,Mason Taylor,115.41859618283448,137.23888139310395,17,121.96468174591531,0.0,86.9,13,31.0,32.0,31.0,27.0,35.0,2025
00-0038979,WR,Cedric Tillman,114.5973860721719,136.41731167403978,17,121.14336375273226,0.0,60.0,12,87.0,87.0,87.0,19.0,101.0,2025
00-0033858,TE,Jonnu Smith,113.6999692578154,137.25065670285392,18,120.76517549132694,0.0,87.1,18,32.0,31.0,32.0,27.0,34.0,2025
00-0040134,WR,Pat Bryant,112.97121376023378,135.13612880206634,19,119.62068827278355,0.0,82.3,14,88.0,88.0,88.0,19.0,80.0,2025
00-0035689,TE,Dawson Knox,112.79565659927395,136.43457411323809,19,119.8873318534632,0.0,113.9,18,33.0,34.0,34.0,27.0,26.0,2025
00-0036244,TE,Colby Parkinson,112.60365020127458,136.8936708737489,20,119.89065640301686,0.0,159.0,17,34.0,33.0,33.0,27.0,15.0,2025
00-0037291,WR,Jalen Nailor,112.56488065890568,135.12608817611914,17,119.3332429140697,0.0,98.7,17,89.0,89.0,89.0,19.0,66.0,2025
00-0036626,WR,Dyami Brown,111.59485006252444,134.06853730079217,18,118.33695623400476,0.0,49.7,11,90.0,90.0,90.0,19.0,111.0,2025
00-0038618,WR,Xavier Hutchinson,111.30229336862784,133.21648586325088,19,117.87655111701474,0.0,110.5,18,91.0,91.0,91.0,19.0,63.0,2025
00-0032385,WR,Sterling Shepard,110.96035890443596,132.2777845953058,17,117.3555866116969,0.0,82.0,13,92.0,94.0,92.0,19.0,82.0,2025
00-0039410,WR,Ryan Flournoy,110.47531743208091,132.41255345366213,16,117.05648823855527,0.0,114.0,13,93.0,93.0,93.0,19.0,60.0,2025
00-0032775,WR,Demarcus Robinson,109.65478442295571,132.90800449002367,19,116.6307504430761,0.0,80.4,16,94.0,92.0,94.0,19.0,85.0,2025
00-0037263,RB,Tyler Allgeier,109.50572282556628,135.87285623656632,17,117.41586284886628,0.0,123.0,17,55.0,55.0,55.0,27.0,41.0,2025
00-0040234,QB,Quinn Ewers,109.28389283506446,137.17622734969166,17,117.65159318945263,0.0,33.18,4,66.0,67.0,66.0,21.0,48.0,2025
00-0040211,QB,Graham Mertz,108.96466316653942,137.45683076641987,19,117.51231344650355,0.0,0.0,0,67.0,66.0,67.0,21.0,74.0,2025
00-0032392,TE,Austin Hooper,108.74456009343552,132.079642950745,21,115.74508495062835,0.0,64.7,16,35.0,35.0,35.0,27.0,43.0,2025
00-0040494,QB,Max Brosmer,108.28864200089684,136.48058197679035,17,116.74622399366488,0.0,4.22,7,68.0,68.0,68.0,21.0,63.0,2025
00-0033591,WR,Noah Brown,107.20703231140588,129.33997197650456,17,113.84691421093548,0.0,13.3,4,95.0,95.0,95.0,19.0,174.0,2025
00-0036290,TE,Cole Kmet,107.20473071879589,129.84277451615984,19,113.99614385800507,0.0,88.9,18,36.0,36.0,36.0,27.0,32.0,2025
00-0036894,TE,Pat Freiermuth,105.62711409517983,128.17574663896642,18,112.39170385831581,0.0,116.4,16,37.0,37.0,37.0,27.0,25.0,2025
00-0037801,WR,KaVontae Turpin,105.41463447185215,127.165188838328,17,111.9398007817949,0.0,84.5,15,96.0,96.0,96.0,19.0,79.0,2025
00-0035973,RB,Patrick Taylor,104.6180202490396,131.93111830008388,19,112.81194966435288,0.0,0.0,0,56.0,56.0,56.0,27.0,136.0,2025
00-0039356,TE,Ja'Tavion Sanders,104.39475846486292,126.19535074643166,18,110.93493614933354,0.0,54.0,11,38.0,38.0,38.0,27.0,51.0,2025
00-0040203,QB,Will Howard,103.4769618785249,131.29849528951348,18,111.82342190182146,0.0,0.0,0,69.0,69.0,69.0,21.0,74.0,2025
00-0034972,RB,Alexander Mattison,102.86859394481824,128.2428849981442,17,110.48088126081602,0.0,0.0,0,57.0,58.0,57.0,27.0,136.0,2025
00-0028986,QB,Case Keenum,101.99766704158876,129.92311199011735,19,110.37530052614733,0.0,0.0,0,70.0,70.0,70.0,21.0,74.0,2025
00-0036328,RB,Antonio Gibson,101.09280979211036,128.39269955567448,21,109.2827767211796,0.0,17.2,5,58.0,57.0,58.0,27.0,92.0,2025
00-0040769,WR,,100.8560565038604,124.80292663351052,17,108.04011754275543,0.0,0.0,0,97.0,97.0,97.0,19.0,219.0,2025
00-0035500,WR,Greg Dortch,100.72785817265104,121.37631783173268,16,106.92239607037553,0.0,75.10000000000001,12,98.0,102.0,99.0,19.0,88.0,2025
00-0035045,WR,D.J. Montgomery,100.68667010967668,124.18153528375164,17,107.73512966189918,0.0,0.0,0,99.0,98.0,98.0,19.0,219.0,2025
00-0040705,WR,Chimere Dike,100.53300942227912,120.3524531392352,17,106.47884253736592,0.0,116.1,17,100.0,106.0,101.0,19.0,58.0,2025
00-0033943,WR,Josh Reynolds,100.4670313037076,121.8844092969861,17,106.89224470169114,0.0,21.1,5,101.0,100.0,100.0,19.0,150.0,2025
00-0031610,TE,Darren Waller,100.39621149081498,121.2885157722226,17,106.66390277523726,0.0,88.7,8,39.0,39.0,39.0,27.0,33.0,2025
00-0033282,WR,Curtis Samuel,99.8573084333328,121.50331058202278,19,106.35110907793978,0.0,22.3,6,102.0,101.0,103.0,19.0,149.0,2025
00-0039259,WR,Dayton Wade,99.36756642639368,122.90340389618596,17,106.42831766733136,0.0,0.0,0,103.0,99.0,102.0,19.0,219.0,2025
00-0040589,QB,Kurtis Rourke,99.25440051047556,126.36271012040656,19,107.38689339345486,0.0,0.0,0,71.0,71.0,71.0,21.0,74.0,2025
00-0037741,WR,Jahan Dotson,99.13657713947468,120.5681850487164,18,105.5660595122472,0.0,50.2,15,104.0,104.0,104.0,19.0,110.0,2025
00-0038104,WR,Tyquan Thornton,98.92956572880028,120.54061753643124,17,105.41288127108956,0.0,80.8,11,105.0,105.0,105.0,19.0,84.0,2025
00-0039751,WR,Jordan Whittington,98.89789895048484,119.53204637078896,20,105.08814317657607,0.0,41.8,14,106.0,107.0,106.0,19.0,122.0,2025
00-0037013,QB,Zach Wilson,98.38743585237192,125.40825187712208,17,106.49368065979698,0.0,1.3800000000000001,4,72.0,72.0,72.0,21.0,71.0,2025
00-0038611,RB,Chris Rodriguez,98.30107474464988,124.13316743508366,17,106.05070255178,0.0,92.0,12,59.0,59.0,59.0,27.0,53.0,2025
00-0037666,WR,Jalen Tolbert,97.51246803710576,118.60039771458426,17,103.8388469403493,0.0,44.3,11,107.0,109.0,108.0,19.0,119.0,2025
00-0032464,WR,Kalif Raymond,97.41164538319885,118.59758447265398,17,103.76742711003537,0.0,60.8,12,108.0,110.0,109.0,19.0,100.0,2025
00-0036936,WR,,97.3810745758738,120.77318714248862,17,104.39870834585824,0.0,0.0,0,109.0,103.0,107.0,19.0,219.0,2025
00-0034829,TE,Mike Gesicki,97.22393902330306,118.37471148530815,17,103.56917076190459,0.0,70.7,12,40.0,40.0,40.0,27.0,41.0,2025
00-0039331,QB,,97.22087136133352,124.28372621127288,17,105.33972781631533,0.0,0.0,0,73.0,73.0,73.0,21.0,74.0,2025
00-0035891,WR,Cody White,96.60978214293826,119.05660810101053,16,103.34382993035993,0.0,18.0,3,110.0,108.0,110.0,19.0,158.0,2025
00-0033857,WR,JuJu Smith-Schuster,96.59728133047132,117.37237000262414,17,102.82980793211715,0.0,73.5,16,111.0,111.0,111.0,19.0,89.0,2025
00-0040237,WR,Tez Johnson,95.765527394932,116.63081429247914,17,102.02511346419614,0.0,92.4,15,112.0,112.0,112.0,19.0,70.0,2025
00-0035243,RB,Miles Sanders,95.37592940652314,120.72450569775842,17,102.98050229389372,0.0,26.7,4,60.0,60.0,60.0,27.0,84.0,2025
00-0031236,WR,Brandin Cooks,95.17230438511768,116.23465346918417,18,101.49100911033761,0.0,64.7,15,113.0,113.0,113.0,19.0,97.0,2025
00-0033526,RB,Samaje Perine,95.08172459039784,120.38880420422716,17,102.67384847454663,0.0,77.9,14,61.0,61.0,61.0,27.0,57.0,2025
00-0038558,TE,Darnell Washington,94.76010811496438,116.2520892284608,18,101.2077024490133,0.0,71.4,13,41.0,41.0,41.0,27.0,40.0,2025
00-0038679,WR,Tyrell Shavers,94.34011395042266,115.4117694938756,19,100.66161061345855,0.0,47.9,11,114.0,114.0,114.0,19.0,116.0,2025
00-0039424,WR,Devaughn Vele,93.9311116707374,113.7858000892187,17,99.88751819628177,0.0,66.3,9,115.0,117.0,116.0,19.0,96.0,2025
00-0040727,WR,Tre Harris,93.79742671040314,114.26655028495,18,99.93816378276719,0.0,73.4,17,116.0,115.0,115.0,19.0,90.0,2025
00-0033869,QB,Mitchell Trubisky,93.48978357441436,119.2929266505532,19,101.230726497256,0.0,29.119999999999997,4,74.0,74.0,74.0,21.0,51.0,2025
00-0039890,WR,Adonai Mitchell,93.10485467905214,112.81209830228548,18,99.01702776602214,0.0,87.89999999999999,16,117.0,120.0,117.0,19.0,77.0,2025
00-0040162,RB,Dylan Sampson,92.9013445554428,117.5965426241162,17,100.30990397604482,0.0,87.60000000000001,15,62.0,62.0,62.0,27.0,55.0,2025
00-0034983,WR,Hunter Renfrow,92.88006991246262,112.60831331278196,17,98.7985429325584,0.0,35.900000000000006,6,118.0,121.0,119.0,19.0,129.0,2025
00-0033891,WR,Zay Jones,92.72325353807577,113.22304645374324,16,98.87319141277601,0.0,30.3,6,119.0,118.0,118.0,19.0,137.0,2025
00-0039386,WR,Bub Means,92.04147991916976,112.8870187028908,17,98.29514155428606,0.0,0.0,0,120.0,119.0,120.0,19.0,219.0,2025
00-0037077,QB,Sam Howell,91.86472591899285,116.8043962448727,18,99.3466270167568,0.0,0.0,0,75.0,76.0,75.0,21.0,74.0,2025
00-0036754,TE,Brock Wright,91.6447736286735,113.46763390006096,17,98.19163171008975,0.0,36.8,7,42.0,42.0,42.0,27.0,61.0,2025
00-0039359,TE,Cade Stover,91.5651110960286,112.42914249191143,19,97.82432051479344,0.0,25.400000000000002,8,43.0,43.0,43.0,27.0,72.0,2025
00-0037746,RB,Brian Robinson,91.23298095622508,117.54805333958991,19,99.12750267123452,0.0,64.2,17,63.0,63.0,63.0,27.0,61.0,2025
00-0040456,WR,,91.152700696933,113.85895496831525,17,97.96457697834767,0.0,0.0,0,121.0,116.0,121.0,19.0,219.0,2025
00-0039107,QB,Stetson Bennett,90.91635200810828,116.8247470715137,20,98.6888705271299,0.0,0.0,0,76.0,75.0,76.0,21.0,74.0,2025
00-0036849,WR,Tutu Atwell,90.6484790019834,110.013780053499,20,96.45806931743807,0.0,31.2,8,122.0,122.0,122.0,19.0,135.0,2025
00-0036637,TE,Noah Gray,88.82171577288035,110.19793361999636,17,95.23458112701516,0.0,38.8,13,44.0,44.0,44.0,27.0,59.0,2025
00-0036182,WR,Nick Westbrook-Ikhine,88.27263140292617,108.29813840216347,17,94.28028350269736,0.0,19.9,9,123.0,123.0,123.0,19.0,155.0,2025
00-0040719,RB,Bhayshul Tuten,88.22346485403439,113.77868455503211,18,95.8900307643337,0.0,93.7,16,64.0,65.0,64.0,27.0,50.0,2025
00-0040138,WR,Jaylin Noel,88.21921102122059,107.24558760037304,19,93.92712399496632,0.0,68.4,16,124.0,125.0,124.0,19.0,93.0,2025
00-0036415,WR,Van Jefferson,87.90165745461044,107.31966966283387,17,93.72706111707747,0.0,70.0,14,125.0,124.0,125.0,19.0,92.0,2025
00-0039875,RB,Ray Davis,87.86162120811558,114.4539201607074,19,95.83931089389313,0.0,63.4,14,65.0,64.0,65.0,27.0,62.0,2025
00-0040206,QB,Riley Leonard,87.74476079619922,112.65049867513876,17,95.21648215988108,0.0,31.0,5,77.0,77.0,77.0,21.0,50.0,2025
00-0037614,WR,John Metchie,87.62041039654144,105.76387435096603,17,93.06344958286881,0.0,71.9,12,126.0,130.0,128.0,19.0,91.0,2025
00-0040131,WR,Kyle Williams,87.33527838394667,107.24116220656724,21,93.30704353073284,0.0,52.6,16,127.0,126.0,126.0,19.0,107.0,2025
00-0038359,WR,Xavier Smith,87.12136441587995,106.95975761131533,20,93.07288237451056,0.0,48.3,10,128.0,127.0,127.0,19.0,115.0,2025
00-0038555,RB,Tank Bigsby,87.10994354527004,112.70822629728242,18,94.78942837087375,0.0,55.7,12,66.0,66.0,66.0,27.0,66.0,2025
00-0036427,WR,Tyler Johnson,86.6374239700376,106.38889068275812,17,92.56286398385376,0.0,37.7,9,129.0,129.0,129.0,19.0,126.0,2025
00-0026300,QB,Josh Johnson,86.44637770635816,111.90136480945262,17,94.08287383728648,0.0,24.380000000000003,3,78.0,78.0,78.0,21.0,53.0,2025
00-0037267,RB,Jerome Ford,86.30281443452068,110.54229076176163,17,93.57465733269296,0.0,43.6,13,67.0,67.0,67.0,27.0,71.0,2025
00-0040782,WR,Isaiah Bond,86.1042559678765,104.80375998185608,17,91.71410717207036,0.0,54.7,15,130.0,132.0,131.0,19.0,104.0,2025
00-0038416,QB,Tyson Bagent,86.08764664234963,111.8168182675796,19,93.80639812991862,0.0,2.58,2,79.0,79.0,79.0,21.0,66.0,2025
00-0040563,WR,Efton Chism,85.806078518165,106.40451444876406,21,91.98560929734471,0.0,19.5,3,131.0,128.0,130.0,19.0,157.0,2025
00-0039074,TE,Davis Allen,85.79470362296018,107.8741888247326,20,92.4185491834919,0.0,62.800000000000004,15,45.0,46.0,46.0,27.0,44.0,2025
00-0033357,TE,Taysom Hill,85.62715197177366,108.60839652459964,17,92.52152533762145,0.0,41.78,13,46.0,45.0,45.0,27.0,58.0,2025
00-0040581,WR,Dont'e Thornton,85.45766332307309,105.13040809431864,17,91.35948675444675,0.0,23.5,11,132.0,131.0,132.0,19.0,147.0,2025
00-0037157,RB,Bam Knight,85.44212283622022,109.79390298759417,16,92.7476568816324,0.0,92.89999999999999,10,68.0,68.0,68.0,27.0,51.0,2025
00-0039798,RB,Isaiah Davis,85.24267641328966,108.61778823978086,17,92.25520996123701,0.0,69.2,15,69.0,71.0,69.0,27.0,59.0,2025
00-0040590,WR,Konata Mumpfield,84.8924597006448,104.70858062167684,20,90.83729597695441,0.0,30.4,12,133.0,133.0,133.0,19.0,136.0,2025
00-0035250,RB,Devin Singletary,84.62301889396414,108.7495870235899,17,91.86098933285186,0.0,106.8,17,70.0,70.0,70.0,27.0,45.0,2025
00-0036924,RB,Michael Carter,84.49418372320525,106.42467013353252,11,91.07332964630342,0.0,99.0,13,71.0,74.0,72.0,27.0,48.0,2025
00-0038454,RB,Keaton Mitchell,84.33767138133,108.86845072483878,17,91.69690518438262,0.0,55.4,12,72.0,69.0,71.0,27.0,67.0,2025
00-0035359,WR,David Sills,84.09005016136486,103.759191913479,17,89.9907926869991,0.0,49.1,12,134.0,134.0,134.0,19.0,113.0,2025
00-0032211,WR,Tyler Lockett,83.89855398179479,102.9957202193253,17,89.62770385305394,0.0,67.1,17,135.0,135.0,135.0,19.0,94.0,2025
00-0038794,RB,Jaleel McLaughlin,83.09243241597565,108.02154305256464,19,90.57116560695235,0.0,35.8,10,73.0,72.0,73.0,27.0,77.0,2025
00-0039066,TE,Michael Mayer,83.08640912817043,103.18438432588162,17,89.11580168748378,0.0,73.8,12,47.0,48.0,47.0,27.0,39.0,2025
00-0037005,TE,Tommy Tremble,82.79377371508102,103.28501577426135,18,88.94114633283512,0.0,69.10000000000001,16,48.0,47.0,48.0,27.0,42.0,2025
00-0038951,RB,Sean Tucker,82.7644887783058,107.89604639519229,17,90.30395606337174,0.0,91.4,14,74.0,73.0,74.0,27.0,54.0,2025
00-0039365,WR,Jacob Cowing,82.57388524836497,101.53121946064688,19,88.26108551204955,0.0,0.0,0,136.0,137.0,136.0,19.0,219.0,2025
00-0033955,RB,Jeremy McNichols,82.14286566829767,105.8798963329249,17,89.26397486768585,0.0,70.7,16,75.0,75.0,75.0,27.0,58.0,2025
00-0040172,WR,Jordan Watkins,81.9610515782996,102.11664631326738,19,88.00772999878993,0.0,4.6,2,137.0,136.0,137.0,19.0,197.0,2025
00-0037838,TE,Isaiah Likely,81.57746517429206,102.20189501852472,17,87.76479412756186,0.0,61.7,11,49.0,49.0,49.0,27.0,46.0,2025
00-0040164,WR,Jaylin Lane,80.37644980897412,99.61258532439284,17,86.14729046359972,0.0,39.2,13,138.0,138.0,138.0,19.0,123.0,2025
00-0030035,WR,Adam Thielen,80.06325000209873,98.41486658734377,18,85.56873497767224,0.0,42.1,15,139.0,141.0,140.0,19.0,121.0,2025
00-0040669,WR,Isaac TeSlaa,80.01499424030644,98.98493025599426,17,85.70597504501278,0.0,75.9,14,140.0,139.0,139.0,19.0,86.0,2025
00-0038636,RB,Kenny McIntosh,79.89930473221784,105.27455949014836,20,87.511881159597,0.0,0.0,0,76.0,76.0,76.0,27.0,136.0,2025
00-0039623,WR,Mason Tipton,79.87317817800697,98.11379350367848,17,85.34536277570841,0.0,20.4,6,141.0,142.0,142.0,19.0,152.0,2025
00-0040218,WR,Jimmy Horn,79.78450640885548,98.85417740494464,18,85.50540770768222,0.0,28.7,11,142.0,140.0,141.0,19.0,142.0,2025
00-0038551,RB,Kendre Miller,79.45226157099744,102.68186726546634,17,86.42114327933811,0.0,33.3,7,77.0,77.0,77.0,27.0,80.0,2025
00-0034419,WR,Braxton Berrios,78.99192344217428,96.95797650644126,19,84.38173936145436,0.0,9.700000000000001,2,143.0,144.0,143.0,19.0,181.0,2025
00-0039739,WR,Roman Wilson,78.74150575257092,97.24227416696876,18,84.29173627689026,0.0,38.6,9,144.0,143.0,144.0,19.0,124.0,2025
00-0038440,RB,Zavier Scott,78.62118539022403,102.34912076850732,17,85.739566003709,0.0,39.2,9,78.0,78.0,78.0,27.0,73.0,2025
00-0033375,WR,Tim Patrick,77.88181306621246,96.4798439799105,18,83.46122234032187,0.0,51.7,14,145.0,145.0,145.0,19.0,109.0,2025
00-0036893,RB,Najee Harris,77.15207598249005,100.75205599562231,18,84.23206998642972,0.0,11.6,3,79.0,80.0,79.0,27.0,98.0,2025
00-0038840,WR,Brycen Tremayne,77.03352839619764,95.22427939072332,18,82.49075369455534,0.0,30.0,9,146.0,146.0,146.0,19.0,138.0,2025
00-0037085,RB,Tyler Badie,76.58679902663151,101.71249659856171,19,84.12450829821057,0.0,37.5,16,80.0,79.0,80.0,27.0,75.0,2025
00-0036422,TE,Adam Trautman,76.50686286827542,97.47788596034222,19,82.79816979589546,0.0,45.5,12,50.0,50.0,50.0,27.0,57.0,2025
00-0038705,RB,Emari Demercado,75.96949279331707,99.66624252373131,16,83.07851771244134,0.0,58.3,11,81.0,82.0,81.0,27.0,65.0,2025
00-0040584,TE,Gunnar Helm,75.48967423333835,94.16647714880354,17,81.09271510797791,0.0,91.7,16,51.0,51.0,51.0,27.0,31.0,2025
00-0034386,WR,Justin Watson,74.91158326768794,93.33733101674704,19,80.43930759240567,0.0,6.0,2,147.0,147.0,147.0,19.0,193.0,2025
00-0039299,RB,George Holani,74.7794946054532,100.61794859122196,20,82.53103080118382,0.0,23.2,6,82.0,81.0,82.0,27.0,88.0,2025
00-0040198,RB,Ollie Gordon,74.39042379410498,98.55600861869716,17,81.64009924148263,0.0,54.1,16,83.0,83.0,83.0,27.0,68.0,2025
00-0040202,RB,Devin Neal,73.39744430020734,96.54913843943488,17,80.34295254197559,0.0,60.0,9,84.0,84.0,84.0,27.0,64.0,2025
00-0040729,WR,Jack Bech,73.28479214700218,90.8762495933197,17,78.56222938089743,0.0,42.4,12,148.0,148.0,148.0,19.0,120.0,2025
00-0038685,RB,Chris Brooks,72.52729722417656,96.4274314543668,18,79.69733749323363,0.0,36.4,15,85.0,85.0,85.0,27.0,76.0,2025
00-0040582,WR,Arian Smith,72.4231448285469,90.44814929808832,17,77.83064616940932,0.0,13.5,12,149.0,149.0,149.0,19.0,173.0,2025
00-0035021,WR,Ashton Dulin,72.3229320663509,89.5705141886181,17,77.49720670303105,0.0,20.0,7,150.0,153.0,150.0,19.0,154.0,2025
00-0038752,WR,Jake Bobo,72.21988024685963,89.80010535422575,20,77.49394777906946,0.0,15.3,4,151.0,150.0,151.0,19.0,164.0,2025
00-0040547,RB,Nathan Carter,72.1212760607583,95.14769039116554,17,79.02920035988046,0.0,3.9999999999999996,2,86.0,87.0,86.0,27.0,121.0,2025
00-0039355,WR,Luke McCaffrey,71.94448058242673,89.78631579989131,17,77.2970311476661,0.0,49.3,7,152.0,151.0,152.0,19.0,112.0,2025
00-0032398,WR,Chris Moore,71.57581307907479,89.71580461042622,14,77.01781053848022,0.0,38.6,8,153.0,152.0,153.0,19.0,124.0,2025
00-0040739,TE,Elijah Arroyo,71.57536698987033,92.31416452295096,20,77.79700624979452,0.0,36.9,13,52.0,52.0,52.0,27.0,60.0,2025
00-0039746,RB,Will Shipley,71.54042761828077,95.66124812021246,18,78.77667376886028,0.0,21.1,12,87.0,86.0,87.0,27.0,89.0,2025
00-0039394,WR,Casey Washington,71.07719372747475,89.2952974749412,17,76.54262485171468,0.0,15.4,5,154.0,154.0,154.0,19.0,163.0,2025
00-0039062,WR,Jonathan Mingo,70.96117301478093,88.03556630767959,17,76.08349100265052,0.0,3.5,5,155.0,157.0,156.0,19.0,204.0,2025
00-0038465,WR,Malik Heath,70.80577025435045,88.56636882008361,16,76.1339498240704,0.0,14.6,5,156.0,155.0,155.0,19.0,168.0,2025
00-0030564,WR,DeAndre Hopkins,70.75913110583592,88.43917344482851,17,76.06314380753369,0.0,67.0,17,157.0,156.0,157.0,19.0,95.0,2025
00-0031237,QB,Teddy Bridgewater,70.31874192874822,92.87589085380196,17,77.08588660626434,0.0,2.88,3,80.0,80.0,80.0,21.0,65.0,2025
00-0040078,RB,Brashard Smith,70.10961894316343,94.1464280296686,17,77.32066166911497,0.0,63.3,15,88.0,88.0,88.0,27.0,63.0,2025
00-0036980,WR,Elijah Moore,69.86850339846747,87.95782937344032,13,75.29530119095932,0.0,29.999999999999996,10,158.0,158.0,158.0,19.0,139.0,2025
00-0037004,TE,Hunter Long,69.55749073496888,89.41058469596776,18,75.51341892326855,0.0,32.5,7,53.0,53.0,53.0,27.0,63.0,2025
00-0039874,RB,Jaylen Wright,69.36094018876553,93.6586234101035,17,76.65024515516691,0.0,48.2,9,89.0,89.0,89.0,27.0,69.0,2025
00-0034521,WR,Allen Lazard,69.26277832767326,86.23519808087109,14,74.35450425363261,0.0,23.0,9,159.0,161.0,160.0,19.0,148.0,2025
00-0036630,WR,Tylan Wallace,69.12025650615512,86.9696258361364,17,74.47506730514951,0.0,14.5,6,160.0,159.0,159.0,19.0,169.0,2025
00-0035264,QB,Jarrett Stidham,69.10076182715576,90.91580499345116,19,75.64527477704438,0.0,7.520000000000001,2,81.0,81.0,81.0,21.0,61.0,2025
00-0039521,WR,Xavier Weaver,68.85544921739528,86.2764164301425,16,74.08173938121945,0.0,13.7,6,161.0,160.0,161.0,19.0,172.0,2025
00-0038839,WR,Mitchell Tinsley,68.80829495049895,86.19118274269701,17,74.02316128815836,0.0,31.6,8,162.0,162.0,162.0,19.0,133.0,2025
00-0034854,WR,KhaDarel Hodge,68.01959923371889,84.75892527853361,17,73.04139704716331,0.0,6.1,3,163.0,164.0,163.0,19.0,192.0,2025
00-0033589,WR,David Moore,67.92862972855919,84.47116611389758,18,72.89139064416071,0.0,2.7,2,164.0,165.0,164.0,19.0,210.0,2025
00-0039144,TE,Luke Musgrave,67.63637140093023,87.95966023977113,18,73.73335805258249,0.0,51.1,14,54.0,54.0,54.0,27.0,53.0,2025
00-0033319,QB,Nick Mullens,67.42466679862146,89.85206472302956,18,74.15288617594388,0.0,-0.040000000000000036,4,82.0,82.0,82.0,21.0,101.0,2025
00-0040024,WR,Darius Cooper,67.30615277351606,84.93901071070269,18,72.59601015467204,0.0,20.099999999999998,6,165.0,163.0,165.0,19.0,153.0,2025
00-0039577,QB,Kedon Slovis,67.2313266881439,89.78071398648206,12,73.99614287764534,0.0,-0.08,2,83.0,83.0,83.0,21.0,102.0,2025
00-0040737,TE,Terrance Ferguson,66.81140974168133,87.94571750240031,20,73.15170206989703,0.0,55.0,13,55.0,55.0,55.0,27.0,49.0,2025
00-0034270,TE,Tyler Conklin,66.5171958945478,86.9066518703679,18,72.63403268729382,0.0,17.3,6,56.0,56.0,56.0,27.0,82.0,2025
00-0039884,WR,Tahj Washington,66.11233733082246,84.35818308110767,17,71.58609105590801,0.0,4.699999999999999,2,166.0,166.0,166.0,19.0,196.0,2025
00-0040009,WR,Savion Williams,66.04009333975911,82.92546235137091,18,71.10570404324264,0.0,25.5,11,167.0,168.0,167.0,19.0,146.0,2025
00-0038519,WR,Nikko Remigio,65.91837670089532,82.99278697046037,17,71.04069978176483,0.0,4.2,2,168.0,167.0,168.0,19.0,201.0,2025
00-0033246,TE,Johnny Mundt,65.62564958236872,85.44391892559058,18,71.57113038533527,0.0,20.1,11,57.0,58.0,57.0,27.0,78.0,2025
00-0036331,WR,Devin Duvernay,65.17682005294401,82.56800468171491,19,70.39417544157527,0.0,4.6,3,169.0,170.0,169.0,19.0,197.0,2025
00-0040184,WR,KeAndre Lambert-Smith,65.17138463349633,81.95648356717705,18,70.20691431360055,0.0,16.1,7,170.0,171.0,171.0,19.0,161.0,2025
00-0040194,TE,Jackson Hawes,65.11394916772682,85.82694996914996,19,71.32784940815375,0.0,52.7,13,58.0,57.0,58.0,27.0,52.0,2025
00-0038938,WR,Jalin Hyatt,64.97156716667139,81.43732110318948,17,69.91129334762681,0.0,8.5,5,171.0,173.0,172.0,19.0,183.0,2025
00-0040646,WR,Jalen Royals,64.92721770490967,82.8950056836252,17,70.31755409852433,0.0,2.4,1,172.0,169.0,170.0,19.0,215.0,2025
00-0037086,TE,Grant Calcaterra,64.81819942996098,85.2288388236984,18,70.9413912480822,0.0,22.6,8,59.0,59.0,59.0,27.0,76.0,2025
00-0038115,TE,Daniel Bellinger,64.65980091840399,83.66982816116091,17,70.36280909123106,0.0,59.6,12,60.0,60.0,60.0,27.0,47.0,2025
00-0039792,WR,Devontez Walker,64.23194723197885,81.38138587561369,17,69.3767788250693,0.0,37.6,5,173.0,174.0,174.0,19.0,127.0,2025
00-0035298,WR,Scotty Miller,64.15681921162387,80.52485595996714,18,69.06723023612685,0.0,15.200000000000001,5,174.0,177.0,176.0,19.0,165.0,2025
00-0040277,WR,Jahdae Walker,64.15479857781074,81.70714588036529,19,69.4205027685771,0.0,26.7,3,175.0,172.0,173.0,19.0,144.0,2025
00-0035406,WR,Lil'Jordan Humphrey,64.12638098087304,81.3527078221204,11,69.29427903324725,0.0,47.4,9,176.0,175.0,175.0,19.0,117.0,2025
00-0038090,WR,Skyy Moore,64.01487394791262,80.77444280252573,19,69.04274460429654,0.0,15.1,10,177.0,176.0,177.0,19.0,166.0,2025
00-0040673,QB,Jalen Milroe,63.239909100009456,84.87935690918532,20,69.73174344276221,0.0,-1.6,3,84.0,84.0,84.0,21.0,107.0,2025
00-0032104,RB,Ameer Abdullah,63.22287093241578,84.96626359378672,13,69.74588873082706,0.0,37.9,12,90.0,91.0,91.0,27.0,74.0,2025
00-0031687,RB,Raheem Mostert,63.20358558664358,85.67066796704245,17,69.94371030076324,0.0,29.4,12,91.0,90.0,90.0,27.0,82.0,2025
00-0037093,WR,Dareke Young,62.63328856591836,79.25833299304055,20,67.620801894055,0.0,6.8,3,178.0,178.0,178.0,19.0,190.0,2025
00-0039451,WR,Isaiah Williams,62.52472021070955,78.77043842684763,15,67.39843567555099,0.0,48.7,9,179.0,181.0,179.0,19.0,114.0,2025
00-0039379,WR,Jamari Thrash,62.48167297149603,78.77164704031742,16,67.36866519214244,0.0,20.7,8,180.0,180.0,180.0,19.0,151.0,2025
00-0039907,WR,Ja'Lynn Polk,62.26812306991879,78.49999937647802,17,67.13768596188656,0.0,0.0,0,181.0,182.0,182.0,19.0,219.0,2025
00-0037742,WR,Treylon Burks,62.23263634543338,79.22079468299484,14,67.3290838467018,0.0,29.0,8,182.0,179.0,181.0,19.0,141.0,2025
00-0039589,WR,Kameron Johnson,62.009607003801015,78.23065126688162,17,66.87592028272519,0.0,17.7,5,183.0,183.0,183.0,19.0,159.0,2025
00-0034418,WR,Cedrick Wilson,61.38283449843141,77.73279533325798,13,66.28782274887938,0.0,9.4,6,184.0,184.0,184.0,19.0,182.0,2025
00-0039052,WR,Trey Palmer,61.30191859361527,77.48621950610341,17,66.1572088673617,0.0,0.0,0,185.0,185.0,185.0,19.0,219.0,2025
00-0038573,WR,Derius Davis,60.3812259740538,75.8956165032324,18,65.03554313280738,0.0,3.5,5,186.0,189.0,186.0,19.0,204.0,2025
00-0036862,WR,Ben Skowronek,60.160915043234255,76.35156809554681,18,65.01811095892802,0.0,16.9,6,187.0,187.0,187.0,19.0,160.0,2025
00-0038783,TE,Nate Adkins,59.994995024429,79.75640475412513,19,65.92341794333784,0.0,17.900000000000002,7,61.0,62.0,61.0,27.0,80.0,2025
00-0040241,WR,Dominic Lovett,59.96799857565213,76.57381965857805,17,64.94974490052991,0.0,0.0,0,188.0,186.0,188.0,19.0,219.0,2025
00-0040398,QB,Brady Cook,59.88972474831407,79.03630793096428,7,65.63369970310913,0.0,26.46,5,85.0,85.0,85.0,21.0,52.0,2025
00-0039552,WR,Joshua Cephus,59.8536258564195,76.0556477393062,18,64.7142324212855,0.0,0.0,0,189.0,188.0,189.0,19.0,219.0,2025
00-0038720,TE,Julian Hill,59.78389266340297,78.28310071129644,17,65.33365507777101,0.0,29.0,10,62.0,63.0,63.0,27.0,67.0,2025
00-0033576,TE,Eric Saubert,59.51334958889613,80.61298712908095,20,65.84324085095157,0.0,7.1,4,63.0,61.0,62.0,27.0,100.0,2025
00-0039236,WR,Johnny Wilson,59.41798581882773,74.82828808184787,18,64.04107649773377,0.0,0.0,0,190.0,190.0,190.0,19.0,219.0,2025
00-0033292,WR,Trent Taylor,59.2311486935802,74.4821560083467,19,63.80645088801015,0.0,0.0,0,191.0,191.0,191.0,19.0,219.0,2025
00-0038046,TE,Charlie Kolar,59.069628382206126,78.20338698774005,17,64.80975596386631,0.0,36.2,11,64.0,64.0,64.0,27.0,62.0,2025
00-0039794,RB,Braelon Allen,58.96876669504093,81.66653928566333,17,65.77809847222764,0.0,15.3,4,92.0,93.0,92.0,27.0,94.0,2025
00-0037617,RB,Hassan Haskins,58.69727920301914,81.87553122749723,18,65.65075481036257,0.0,10.0,5,93.0,92.0,93.0,27.0,100.0,2025
00-0034613,TE,Tanner Hudson,58.48042429924668,78.09929244250732,17,64.36608474222487,0.0,47.8,10,65.0,65.0,65.0,27.0,55.0,2025
00-0039041,TE,Elijah Higgins,58.054676175705765,76.79523904105002,16,63.67684503530904,0.0,58.1,15,66.0,68.0,66.0,27.0,48.0,2025
00-0037539,TE,Lucas Krull,57.830520573563945,76.90075267488113,19,63.551590203959094,0.0,3.5,2,67.0,67.0,67.0,27.0,107.0,2025
00-0037805,TE,Jeremy Ruckert,57.79747351953457,75.52768787981802,17,63.116537827619595,0.0,46.9,13,68.0,71.0,69.0,27.0,56.0,2025
00-0036887,TE,Luke Farrell,57.47638494707056,77.48154304824621,19,63.477932377423244,0.0,30.6,11,69.0,66.0,68.0,27.0,66.0,2025
00-0038547,TE,Luke Schoonmaker,57.005517189608746,76.32137485384942,17,62.800274488880945,0.0,27.2,14,70.0,69.0,70.0,27.0,71.0,2025
00-0031763,WR,DeAndre Carter,56.872259805877086,72.35190897650574,17,61.516154557065676,0.0,0.0,0,192.0,192.0,192.0,19.0,219.0,2025
00-0035631,TE,Drew Sample,56.85558098148492,76.03886193186568,17,62.610565266599146,0.0,31.9,11,71.0,70.0,71.0,27.0,64.0,2025
00-0036620,WR,Dee Eskridge,56.36273706807003,71.64462641074202,17,60.94730387087163,0.0,10.2,5,193.0,194.0,193.0,19.0,180.0,2025
00-0037252,TE,Greg Dulcich,56.26235600156492,72.4073276912767,10,61.10584750847845,0.0,62.800000000000004,9,72.0,72.0,72.0,27.0,44.0,2025
00-0039816,WR,Anthony Gould,56.01706249057248,71.55781213910358,17,60.6792873851318,0.0,2.6,2,194.0,196.0,194.0,19.0,211.0,2025
00-0040432,WR,Beaux Collins,55.96948214831105,71.58375836866367,17,60.653765014416834,0.0,4.5,3,195.0,195.0,195.0,19.0,199.0,2025
00-0037557,RB,Ronnie Rivers,55.96213121119232,78.52762777584937,14,62.73178018058944,0.0,4.6,3,94.0,94.0,94.0,27.0,116.0,2025
00-0040075,WR,LaJohntay Wester,55.749745696137296,71.74194571173933,17,60.547405700817905,0.0,0.0,0,196.0,193.0,196.0,19.0,219.0,2025
00-0036879,QB,Sam Ehlinger,55.70259293650624,75.92313833464765,11,61.76875655594866,0.0,0.0,0,86.0,86.0,86.0,21.0,74.0,2025
00-0040506,WR,Myles Price,55.170346839256815,71.32766128709758,17,60.01754117360905,0.0,0.0,0,197.0,197.0,197.0,19.0,219.0,2025
00-0040238,RB,LeQuint Allen,54.96384573372882,77.41391817493113,18,61.6988674660895,0.0,27.0,15,95.0,95.0,95.0,27.0,83.0,2025
00-0034272,WR,Marquez Valdes-Scantling,54.17710463369812,69.89405502425016,11,58.892189750863736,0.0,37.6,10,198.0,198.0,198.0,19.0,127.0,2025
00-0036265,RB,AJ Dillon,53.83289094509871,76.16471514900914,18,60.532438206271834,0.0,9.1,6,96.0,97.0,97.0,27.0,105.0,2025
00-0040208,RB,Tahj Brooks,53.82834286982686,76.44058097578159,17,60.61201430161327,0.0,6.4,6,97.0,96.0,96.0,27.0,111.0,2025
00-0038824,WR,Ryan Miller,53.75224397017298,69.11384575440161,17,58.36072450544157,0.0,11.4,4,199.0,199.0,199.0,19.0,176.0,2025
00-0039757,RB,Terrell Jennings,53.1862576712624,75.74290473317969,16,59.95325178983759,0.0,15.200000000000001,5,98.0,98.0,98.0,27.0,95.0,2025
00-0039650,WR,Bryce Oliver,53.164036461954645,68.24091871000172,17,57.68710113636877,0.0,1.8,1,200.0,201.0,200.0,19.0,217.0,2025
00-0038040,RB,Zamir White,53.061675666764366,74.96406677521959,17,59.63239299930093,0.0,9.6,5,99.0,99.0,99.0,27.0,102.0,2025
00-0040154,WR,Tai Felton,53.00461985021511,67.99349711960375,17,57.5012830310317,0.0,5.5,3,201.0,202.0,201.0,19.0,194.0,2025
00-0034407,WR,Ray-Ray McCloud,52.69037932006596,68.45210396818835,8,57.41889671450267,0.0,13.9,5,202.0,200.0,202.0,19.0,171.0,2025
00-0035645,WR,Gunner Olszewski,52.23441640949874,67.27838622683808,17,56.74760735470054,0.0,35.82,5,203.0,204.0,203.0,19.0,130.0,2025
00-0040259,WR,Gage Larvadain,52.04185874400715,67.58552661260022,14,56.704959104585065,0.0,14.4,7,204.0,203.0,204.0,19.0,170.0,2025
00-0033854,RB,Dare Ogunbowale,51.08493950955645,74.48172621654929,19,58.1039755216543,0.0,24.1,9,100.0,100.0,100.0,27.0,87.0,2025
00-0036646,WR,Simi Fehoko,51.05805375749265,66.00850155084714,15,55.543188095499,0.0,0.0,0,205.0,206.0,205.0,19.0,219.0,2025
00-0040586,RB,Jaydon Blue,51.05715953225671,74.11596451023827,17,57.974801025651175,0.0,20.4,5,101.0,101.0,101.0,27.0,90.0,2025
00-0037091,WR,,50.64982448136921,66.47330968236203,9,55.39687004166706,0.0,0.0,0,206.0,205.0,206.0,19.0,219.0,2025
00-0037258,RB,Dameon Pierce,50.405426822480734,71.94735715759771,14,56.86800592301583,0.0,3.6,3,102.0,103.0,102.0,27.0,122.0,2025
00-0040179,RB,DJ Giddens,49.08807300525144,72.24118001397606,17,56.03400510786882,0.0,9.6,5,103.0,102.0,103.0,27.0,102.0,2025
00-0035567,RB,Craig Reynolds,48.95143706771098,69.6135660115656,11,55.15007575086736,0.0,0.4,1,104.0,104.0,104.0,27.0,133.0,2025
00-0039405,RB,Jawhar Jordan,48.80179843511671,64.90702817432036,6,53.6333673568778,0.0,29.7,4,105.0,110.0,105.0,27.0,81.0,2025
00-0036196,WR,Gabriel Davis,48.00625903751923,62.93026918011769,9,52.483462080298764,0.0,34.3,7,207.0,207.0,207.0,19.0,131.0,2025
00-0022942,QB,Philip Rivers,47.97124495387703,63.9680400528642,4,52.77028348357318,0.0,31.659999999999997,3,87.0,89.0,88.0,21.0,49.0,2025
00-0038576,WR,Charlie Jones,47.87993695171336,61.96937175792233,17,52.10676739357605,0.0,0.0,1,208.0,209.0,209.0,19.0,219.0,2025
00-0039810,WR,Jermaine Burton,47.80492781957143,62.27070392359826,13,52.144660650779485,0.0,0.0,0,209.0,208.0,208.0,19.0,219.0,2025
00-0036628,TE,John Bates,47.69256833603547,65.94730546156347,17,53.16898947369387,0.0,27.3,9,73.0,74.0,74.0,27.0,70.0,2025
00-0034159,TE,Will Dissly,47.52062825139284,66.83394278896318,18,53.31462261266394,0.0,20.7,8,74.0,73.0,73.0,27.0,77.0,2025
00-0034577,QB,Kyle Allen,47.47326418578907,66.75300448333802,17,53.257186275053755,0.0,-0.30000000000000004,2,88.0,87.0,87.0,21.0,104.0,2025
00-0040187,TE,Mitchell Evans,47.10615743094532,64.46688952890416,18,52.31437706033297,0.0,48.2,14,75.0,77.0,75.0,27.0,54.0,2025
00-0035602,WR,Alex Bachman,46.70875738388874,60.747444038430906,15,50.92036338025139,0.0,3.2,3,210.0,211.0,211.0,19.0,208.0,2025
00-0033572,WR,Jamal Agnew,46.62123803215621,61.50287897815549,14,51.085730315955985,0.0,0.0,0,211.0,210.0,210.0,19.0,219.0,2025
00-0040142,RB,Kaleb Johnson,46.32213635722534,69.45658230188556,18,53.26247014062341,0.0,8.8,10,106.0,105.0,106.0,27.0,106.0,2025
00-0039796,RB,Rasheen Ali,46.3113951012102,69.1126275797677,17,53.151764844777446,0.0,24.2,8,107.0,107.0,107.0,27.0,86.0,2025
00-0039811,RB,MarShawn Lloyd,46.21665369014091,68.52261995556069,18,52.908443569766845,0.0,0.0,0,108.0,108.0,108.0,27.0,136.0,2025
00-0036906,RB,Khalil Herbert,46.183499586747466,65.21406494260883,13,51.892669193505874,0.0,6.6000000000000005,3,109.0,109.0,110.0,27.0,110.0,2025
00-0039920,WR,Malachi Corley,46.09801710812863,59.47580411323888,13,50.1113532096617,0.0,31.6,12,212.0,212.0,212.0,19.0,133.0,2025
00-0035282,QB,Easton Stick,45.98945856169084,64.93324529351216,8,51.672594581237234,0.0,0.0,0,89.0,88.0,89.0,21.0,74.0,2025
00-0040568,RB,Lan Larison,45.77262772975477,69.12243810237527,21,52.777570841540914,0.0,0.0,0,110.0,106.0,109.0,27.0,136.0,2025
00-0039754,TE,Devin Culp,45.65020394878966,65.45351741704563,17,51.59119798926645,0.0,7.6,1,76.0,75.0,76.0,27.0,98.0,2025
00-0037306,TE,John FitzPatrick,45.52676347144585,64.66444940662228,18,51.268069251998774,0.0,25.2,10,77.0,76.0,77.0,27.0,73.0,2025
00-0038477,WR,Bryce Ford-Wheaton,45.44243044912608,58.60937440734757,17,49.392513636592525,0.0,0.0,0,213.0,213.0,213.0,19.0,219.0,2025
00-0034487,WR,Trent Sherfield,44.73364994685376,58.57328089743967,12,48.88553923202953,0.0,5.1,4,214.0,214.0,214.0,19.0,195.0,2025
00-0039050,TE,Payne Durham,43.7480712366426,62.66112566511976,17,49.421987565185745,0.0,2.1,4,78.0,78.0,78.0,27.0,115.0,2025
00-0037156,WR,Irvin Charles,43.642051184515736,56.79353039055334,17,47.58749494632701,0.0,0.0,0,215.0,215.0,215.0,19.0,219.0,2025
00-0038658,QB,Adrian Martinez,42.792501164233045,60.82709083647025,8,48.2028780659042,0.0,-0.1,1,90.0,90.0,90.0,21.0,103.0,2025
00-0037348,TE,Tanner Conner,41.97986878848364,56.73268764196235,10,46.40571444452725,0.0,18.1,7,79.0,83.0,80.0,27.0,79.0,2025
00-0033217,TE,Mo Alie-Cox,41.751347098472365,60.008030224971,17,47.22835203642195,0.0,30.7,11,80.0,79.0,79.0,27.0,65.0,2025
00-0036534,TE,Shane Zylstra,40.25675788311223,59.78014360989958,17,46.11377360114844,0.0,5.0,1,81.0,80.0,81.0,27.0,103.0,2025
00-0040534,WR,Ke'Shawn Williams,40.11198026552097,53.80640691296797,13,44.22030825975507,0.0,2.5,3,216.0,216.0,216.0,19.0,213.0,2025
00-0036876,TE,Kylen Granson,39.06018441707779,58.98920165019106,18,45.038889587011774,0.0,11.0,4,82.0,81.0,82.0,27.0,92.0,2025
00-0036232,TE,Harrison Bryant,38.9004725257082,57.83366501440992,18,44.580430272318715,0.0,7.8,5,83.0,82.0,83.0,27.0,97.0,2025
00-0038953,WR,Dylan Drummond,38.65172487490228,51.962889686229175,9,42.645074318300345,0.0,11.2,3,217.0,217.0,217.0,19.0,177.0,2025
00-0039912,TE,Ben Sinnott,38.416519387354136,56.05379035867576,17,43.707700678750626,0.0,28.4,8,84.0,84.0,84.0,27.0,68.0,2025
00-0036165,WR,Isaiah Hodgins,38.3957980767532,51.47253037673087,7,42.3188177667465,0.0,27.5,6,218.0,218.0,218.0,19.0,143.0,2025
00-0040644,RB,Trevor Etienne,38.35800271535322,59.87022687395899,18,44.81166996293495,0.0,14.1,9,111.0,113.0,111.0,27.0,96.0,2025
00-0038496,WR,Xavier Gipson,38.3041398585576,51.01729999437911,12,42.11808789930405,0.0,2.6,2,219.0,219.0,219.0,19.0,211.0,2025
00-0039021,RB,Roschon Johnson,37.89156962537419,60.23104420008512,19,44.59341199778747,0.0,1.7000000000000002,2,112.0,111.0,112.0,27.0,126.0,2025
00-0039737,TE,Tip Reiman,37.82699164340305,54.73607224705672,16,42.89971582449915,0.0,4.8,3,85.0,86.0,86.0,27.0,104.0,2025
00-0036429,TE,Charlie Woerner,37.66234406605434,55.45091966421341,17,42.99891674550206,0.0,12.8,6,86.0,85.0,85.0,27.0,88.0,2025
00-0039364,RB,Sione Vaki,37.22226937641899,60.22518680232728,17,44.12314460419148,0.0,0.4,1,113.0,112.0,113.0,27.0,133.0,2025
00-0034955,QB,Brett Rypien,37.17333921292885,54.02743551521267,7,42.229568103614,0.0,0.0,0,91.0,91.0,91.0,21.0,74.0,2025
00-0040393,RB,,37.09723799800364,59.28290290498962,17,43.75293747009943,0.0,0.0,0,114.0,115.0,114.0,27.0,136.0,2025
00-0040021,RB,Phil Mafah,37.04842406176973,58.59711718473729,17,43.51303199866,0.0,10.9,1,115.0,116.0,116.0,27.0,99.0,2025
00-0038518,RB,Deneric Prince,36.80847049655432,59.73828376597514,21,43.687414477380564,0.0,0.0,0,116.0,114.0,115.0,27.0,136.0,2025
00-0040615,WR,,36.51159610887705,50.36422436229177,7,40.66738458490147,0.0,0.0,0,220.0,220.0,220.0,19.0,219.0,2025
00-0037282,TE,James Mitchell,35.53929259514853,52.24334521221024,18,40.55050838026704,0.0,5.800000000000001,3,87.0,88.0,88.0,27.0,102.0,2025
00-0034899,QB,John Wolford,35.43263753449527,52.30491291945829,6,40.494320149984176,0.0,0.0,0,92.0,92.0,92.0,21.0,74.0,2025
00-0035249,TE,Josh Oliver,35.29297894759955,52.88213866250264,17,40.569726862070475,0.0,55.0,12,88.0,87.0,87.0,27.0,49.0,2025
00-0039407,RB,Dylan Laube,34.93350812555511,56.7069247092348,17,41.465533100659016,0.0,5.7,4,117.0,117.0,117.0,27.0,113.0,2025
00-0036176,WR,Mason Kinsey,34.65733720850099,46.68333480203745,11,38.26513648656193,0.0,6.800000000000001,2,221.0,222.0,222.0,19.0,189.0,2025
00-0037231,WR,Kevin Austin,34.63034396066606,47.27250695737058,8,38.422992859677414,0.0,33.0,5,222.0,221.0,221.0,19.0,132.0,2025
00-0037120,RB,Tyler Goodson,34.18059457676914,56.48515484972546,17,40.87196265865603,0.0,5.2,7,118.0,118.0,118.0,27.0,114.0,2025
00-0040177,RB,Jordan James,34.14393814632182,56.39847836288925,19,40.82030021129205,0.0,4.5,1,119.0,119.0,119.0,27.0,117.0,2025
00-0036590,TE,Quintin Morris,34.03813843533114,51.73250025387131,16,39.34644698089319,0.0,17.5,5,89.0,89.0,89.0,27.0,81.0,2025
00-0036414,RB,Cam Akers,33.760133117852135,50.011350487884485,8,38.63549832886184,0.0,7.18,2,120.0,126.0,122.0,27.0,109.0,2025
00-0034365,TE,Ian Thomas,33.5069557375974,50.997678593956,17,38.75417259450498,0.0,24.4,7,90.0,91.0,90.0,27.0,74.0,2025
00-0036133,WR,James Proche,32.98904563680864,44.88326753905066,10,36.557312207481246,0.0,12.5,6,223.0,223.0,223.0,19.0,175.0,2025
00-0040272,RB,,32.781820322018795,54.467116733148735,19,39.28740924535778,0.0,0.0,0,121.0,120.0,120.0,27.0,136.0,2025
00-0039373,RB,Audric Estime,32.7075000341128,48.45527006701501,8,37.43183104398346,0.0,48.099999999999994,5,122.0,128.0,126.0,27.0,70.0,2025
00-0039530,TE,Brevyn Spann-Ford,32.69000438092202,51.08249768252548,17,38.20775237140305,0.0,24.0,10,91.0,90.0,91.0,27.0,75.0,2025
00-0037563,RB,Malik Davis,32.58363655370662,50.27614280077151,9,37.89138842782609,0.0,40.599999999999994,9,123.0,125.0,124.0,27.0,72.0,2025
00-0039344,RB,Jonathon Brooks,32.47205151710532,53.59942064926154,18,38.81026225675218,0.0,0.0,0,124.0,121.0,121.0,27.0,136.0,2025
00-0034798,TE,Durham Smythe,32.29859865422711,50.88938671466359,19,37.87583507235806,0.0,9.6,6,92.0,92.0,92.0,27.0,93.0,2025
00-0036567,RB,Elijah Mitchell,32.20913616676872,52.1899623529931,14,38.20338402263603,0.0,0.0,1,125.0,124.0,123.0,27.0,136.0,2025
00-0035876,WR,Andre Baccellia,31.82416809065618,43.90985828829962,8,35.44987514994921,0.0,2.8,2,224.0,224.0,224.0,19.0,209.0,2025
00-0036841,WR,Austin Trammell,31.54644503476869,43.63343943043181,7,35.172543353467624,0.0,7.6,5,225.0,225.0,225.0,19.0,185.0,2025
00-0037654,TE,Tucker Fisk,31.52154707867737,49.044313186521634,18,36.77837691103065,0.0,8.100000000000001,5,93.0,93.0,93.0,27.0,96.0,2025
00-0032951,WR,Laquon Treadwell,31.24829208063698,42.84218713225321,10,34.726460596121846,0.0,0.0,0,226.0,226.0,226.0,19.0,219.0,2025
00-0036020,RB,Salvon Ahmed,31.04661223983923,52.35191419283438,17,37.438202825737775,0.0,0.0,0,126.0,123.0,125.0,27.0,136.0,2025
00-0035594,RB,Travis Homer,30.86204129034397,52.61555778656443,19,37.38809623921011,0.0,-0.2,1,127.0,122.0,127.0,27.0,168.0,2025
00-0034860,WR,Dante Pettis,30.77277597119485,42.49566346550751,8,34.28964221948865,0.0,19.700000000000003,4,227.0,227.0,227.0,19.0,156.0,2025
00-0034981,TE,Foster Moreau,30.09994312722994,46.97530023830392,17,35.16255026055214,0.0,12.9,7,94.0,95.0,94.0,27.0,87.0,2025
00-0040415,QB,,30.069325486526044,45.3301431678386,7,34.64757079091981,0.0,0.0,0,93.0,93.0,93.0,21.0,74.0,2025
00-0037292,TE,Drew Ogletree,29.60429025674259,47.322994069580005,17,34.919901400593815,0.0,12.700000000000001,4,95.0,94.0,95.0,27.0,89.0,2025
00-0035544,WR,Tom Kennedy,29.19856608450955,40.79097660618206,7,32.676289241011304,0.0,7.6,1,228.0,228.0,228.0,19.0,185.0,2025
00-0040629,WR,Dalevon Campbell,28.503095919949157,40.52191841391376,7,32.10874266813854,0.0,0.0,0,229.0,229.0,229.0,19.0,219.0,2025
00-0038108,QB,Bailey Zappe,27.655120692654176,41.20909983695044,3,31.721314435943054,0.0,0.0,0,94.0,94.0,94.0,21.0,74.0,2025
00-0038396,RB,Eric Gray,27.20520253456981,47.97609456404441,17,33.436470143412194,0.0,0.0,0,128.0,129.0,129.0,27.0,136.0,2025
00-0038896,RB,Jacob Saylors,26.816203342003305,49.04304016400378,17,33.484254388603446,0.0,1.1,1,129.0,127.0,128.0,27.0,127.0,2025
00-0036741,TE,Jack Stoll,26.43383916929072,42.73826530816718,17,31.325167010953656,0.0,16.599999999999998,8,96.0,97.0,96.0,27.0,83.0,2025
00-0037276,RB,Ty Chandler,26.32152396638359,47.17994850066394,17,32.579051326667695,0.0,8.8,2,130.0,131.0,130.0,27.0,106.0,2025
00-0039631,TE,Cam Grandy,26.080462576039437,42.94140823872697,17,31.138746274845694,0.0,2.7,2,97.0,96.0,97.0,27.0,111.0,2025
00-0035140,WR,Mecole Hardman,25.946807415306846,36.72370998176724,7,29.179878185244963,0.0,7.4,2,230.0,230.0,230.0,19.0,187.0,2025
00-0037324,QB,Chris Oladokun,25.659920515011105,38.026174242286,3,29.369796633193573,0.0,11.200000000000001,3,95.0,96.0,96.0,21.0,57.0,2025
00-0038122,QB,Desmond Ridder,25.649489623283717,38.81762320621498,3,29.599929698163095,0.0,0.0,0,96.0,95.0,95.0,21.0,74.0,2025
00-0039814,TE,Erick All,25.261930109246688,42.024058487591226,17,30.290568622750044,0.0,0.0,0,98.0,99.0,98.0,27.0,123.0,2025
00-0036755,RB,Jaret Patterson,24.945542741160654,39.848471217040704,7,29.41642128392467,0.0,25.7,6,131.0,135.0,133.0,27.0,85.0,2025
00-0037132,WR,Britain Covey,24.87851485982622,34.971918330162715,7,27.906535900927164,0.0,4.0,1,231.0,232.0,231.0,19.0,202.0,2025
00-0038492,WR,Jason Brownlee,24.77995767817046,35.14785446604894,7,27.890326714534005,0.0,0.0,1,232.0,231.0,232.0,19.0,219.0,2025
00-0040692,RB,Jarquez Hunter,24.604362391004145,47.92681995681478,20,31.601099660747334,0.0,0.0,0,132.0,130.0,131.0,27.0,136.0,2025
00-0040466,RB,Raheim Sanders,24.43046819422151,46.06837682463411,17,30.92184078334529,0.0,20.3,4,133.0,132.0,132.0,27.0,91.0,2025
00-0037475,TE,Stone Smartt,24.36308692091949,42.15178007690528,17,29.699694867715223,0.0,12.2,3,99.0,98.0,99.0,27.0,90.0,2025
00-0038590,WR,Justin Shorter,24.062950454135173,34.73354435374933,7,27.26412862401942,0.0,0.0,0,233.0,233.0,233.0,19.0,219.0,2025
00-0039458,TE,Brenden Bates,23.84570133457618,37.98587335370649,13,28.08775294031527,0.0,8.8,4,100.0,101.0,101.0,27.0,94.0,2025
00-0038589,TE,Josh Whyle,23.66086351930188,37.87507690306421,10,27.92512753443058,0.0,16.3,7,101.0,102.0,102.0,27.0,84.0,2025
00-0038640,WR,Jalen Brooks,23.164988662940537,33.32357119989513,6,26.21256342402691,0.0,8.1,2,234.0,234.0,234.0,19.0,184.0,2025
00-0037257,WR,David Bell,23.144243135532207,33.26889814285257,6,26.181639637728313,0.0,0.0,0,235.0,235.0,235.0,19.0,219.0,2025
00-0040058,TE,Nick Kallerup,22.77030890905657,40.89103796414759,20,28.206527625583874,0.0,0.0,1,102.0,100.0,100.0,27.0,123.0,2025
00-0040429,RB,Josh Williams,22.180843960141328,42.01464927786736,16,28.130985555459134,0.0,1.1,1,134.0,134.0,134.0,27.0,127.0,2025
00-0037594,RB,Julius Chestnut,22.11062789595655,42.0607860371407,17,28.095675338311793,0.0,4.0,7,135.0,133.0,135.0,27.0,120.0,2025
00-0037487,WR,Deven Thompkins,19.99127304726588,29.07361914717088,6,22.71597687723738,0.0,6.199999999999999,2,236.0,236.0,236.0,19.0,191.0,2025
00-0038550,QB,Hendon Hooker,19.71224829211408,31.6138541146211,3,23.282730038866184,0.0,0.0,0,97.0,97.0,97.0,21.0,74.0,2025
00-0040509,TE,Ben Yurosek,19.54329966535312,34.52019285163726,13,24.036367621238362,0.0,3.4,2,103.0,103.0,103.0,27.0,108.0,2025
00-0035628,RB,D'Ernest Johnson,19.531429161793383,35.50198832489365,9,24.322596910723462,0.0,2.5,5,136.0,136.0,136.0,27.0,123.0,2025
00-0040431,WR,Dalen Cambre,19.131866544625098,28.5489632851732,6,21.95699556678953,0.0,0.0,0,237.0,237.0,237.0,19.0,219.0,2025
00-0038391,QB,Sean Clifford,17.364186971702946,29.245388896045604,3,20.928547549005742,0.0,0.0,0,98.0,98.0,98.0,21.0,74.0,2025
00-0036497,WR,Tim Jones,17.172994628236232,25.996204945345408,5,19.819957723368983,0.0,2.5,1,238.0,238.0,238.0,19.0,213.0,2025
00-0037304,TE,Connor Heyward,16.93265575127919,30.66266143471312,13,21.051657456309368,0.0,27.4,11,104.0,106.0,106.0,27.0,69.0,2025
00-0040081,TE,Jake Briningstool,16.73532874189217,33.03788507085917,17,21.62609564058227,0.0,0.0,0,105.0,105.0,104.0,27.0,123.0,2025
00-0037745,RB,Velus Jones,16.713004129864636,33.104730225145204,10,21.630521958448803,0.0,4.2,2,137.0,138.0,137.0,27.0,118.0,2025
00-0038891,WR,Shedrick Jackson,16.418231285213576,24.726146226811977,5,18.910605767693095,0.0,15.9,3,239.0,239.0,239.0,19.0,162.0,2025
00-0039824,TE,Jared Wiley,15.877620989458356,33.44467261845261,17,21.14773647815663,0.0,1.4,1,106.0,104.0,105.0,27.0,117.0,2025
00-0035291,RB,Trayveon Williams,15.28906972771745,28.747496179594,7,19.326597663280417,0.0,17.1,5,138.0,142.0,139.0,27.0,93.0,2025
00-0040311,WR,Theo Wease,15.052846002710927,23.80498741691758,3,17.678488426972923,0.0,25.9,3,240.0,240.0,240.0,19.0,145.0,2025
00-0036425,RB,DeeJay Dallas,14.846244558163272,29.423616929559948,8,19.219456269582274,0.0,2.1,2,139.0,141.0,140.0,27.0,124.0,2025
00-0033455,TE,Anthony Firkser,14.763601968237833,27.32542377391991,7,18.532148509942452,0.0,13.3,5,107.0,110.0,107.0,27.0,85.0,2025
00-0032688,WR,Robbie Chosen,13.925777169386958,21.84916717216631,3,16.302794170220764,0.0,10.3,3,241.0,241.0,241.0,19.0,178.0,2025
00-0035329,TE,Donald Parham,13.464105380550455,29.15183281079004,18,18.17042360962233,0.0,0.0,0,108.0,107.0,108.0,27.0,123.0,2025
00-0039603,RB,British Brooks,13.070851562153472,34.200560499455946,19,19.409764243344213,0.0,7.8,3,140.0,137.0,138.0,27.0,108.0,2025
00-0037329,RB,Brittain Brown,12.980019241621203,23.43735604076865,3,16.117220281365437,0.0,9.7,1,141.0,145.0,143.0,27.0,101.0,2025
00-0040301,TE,Jalin Conyers,12.930273775520815,27.58213405570742,17,17.325831859576795,0.0,0.0,0,109.0,109.0,109.0,27.0,123.0,2025
00-0039703,RB,Cody Schrader,12.885391955543527,31.477728970606897,14,18.46309306006254,0.0,0.0,0,142.0,139.0,141.0,27.0,136.0,2025
00-0039677,QB,Sam Hartman,12.291473476497778,22.15278504693533,2,15.249866947629043,0.0,0.0,0,99.0,100.0,99.0,21.0,74.0,2025
00-0038710,TE,Blake Whiteheart,12.211440862244592,27.188648180413008,17,16.704603057695117,0.0,2.4,6,110.0,111.0,110.0,27.0,114.0,2025
00-0035356,TE,Tyree Jackson,12.135978691891983,27.09940952345165,17,16.625007941359883,0.0,0.0,0,111.0,112.0,111.0,27.0,123.0,2025
00-0036679,QB,Shane Buechele,12.054602015904404,22.20258378345172,2,15.098996546168596,0.0,3.92,1,100.0,99.0,100.0,21.0,64.0,2025
00-0034073,TE,Ross Dwelley,12.025924023311934,26.504054317232523,10,16.36936311148811,0.0,2.7,3,112.0,113.0,112.0,27.0,111.0,2025
00-0037340,TE,Zaire Mitchell-Paden,11.998645111592207,26.498555624223386,15,16.34861826538156,0.0,3.7,3,113.0,114.0,113.0,27.0,106.0,2025
00-0040363,TE,Keleki Latu,11.936701411657404,22.65090303600001,6,15.150961898960185,0.0,7.5,2,114.0,122.0,115.0,27.0,99.0,2025
00-0040388,WR,Jakobie Keeney-James,11.212191338784374,18.86549883201103,2,13.50818358675237,0.0,3.5,1,242.0,242.0,242.0,19.0,204.0,2025
00-0032436,QB,Jeff Driskel,11.18837516074134,20.47234265077165,2,13.973565407750433,0.0,0.0,0,101.0,101.0,101.0,21.0,74.0,2025
00-0036959,WR,Michael Bandy,11.027403584894872,18.226204877796206,3,13.18704397276527,0.0,15.0,3,243.0,243.0,243.0,19.0,167.0,2025
00-0033757,TE,Robert Tonyan,10.853141716021277,28.30883298675999,17,16.08984909724289,0.0,1.1,1,115.0,108.0,114.0,27.0,121.0,2025
00-0038397,RB,Evan Hull,10.77967604662651,22.99380760903316,6,14.443915515348504,0.0,6.4,6,143.0,146.0,144.0,27.0,111.0,2025
00-0034928,WR,Steven Sims,10.767846174706678,17.544003230257292,3,12.80069329137186,0.0,0.0,1,244.0,245.0,245.0,19.0,219.0,2025
00-0034867,WR,Malik Turner,10.640231757871272,18.10567246035104,3,12.8798639686152,0.0,0.0,2,245.0,244.0,244.0,19.0,219.0,2025
00-0036842,RB,Kene Nwangwu,10.551076891745756,30.34052623906511,17,16.487911695941563,0.0,4.9,2,144.0,140.0,142.0,27.0,115.0,2025
00-0035934,WR,Trishton Jackson,10.534698998190526,17.477545838387265,3,12.617553050249548,0.0,0.0,0,246.0,246.0,246.0,19.0,219.0,2025
00-0038740,WR,Jalen Cropper,10.331719980100296,17.059076650818792,3,12.349926981315843,0.0,0.0,0,247.0,247.0,247.0,19.0,219.0,2025
00-0038741,TE,John Stephens Jr.,10.00331729338789,22.79276964750274,10,13.840152999622346,0.0,0.0,0,116.0,121.0,119.0,27.0,123.0,2025
00-0040522,WR,Xavier Restrepo,9.695766310682206,16.547462709750704,2,11.751275230402754,0.0,7.1,2,248.0,248.0,248.0,19.0,188.0,2025
00-0039648,TE,David Martin-Robinson,9.607240553168326,24.45161084415801,17,14.060551640465231,0.0,13.0,4,117.0,119.0,118.0,27.0,86.0,2025
00-0040566,TE,CJ Dippre,9.519634607360484,22.44096491230706,10,13.396033698844455,0.0,0.0,0,118.0,124.0,122.0,27.0,123.0,2025
00-0039686,TE,Colson Yankoff,9.510612886060745,25.501415359736995,17,14.30785362816362,0.0,3.8,3,119.0,116.0,116.0,27.0,105.0,2025
00-0038809,TE,Ben Sims,9.349501855163773,25.72767548847981,16,14.262953945158584,0.0,6.0,3,120.0,115.0,117.0,27.0,101.0,2025
00-0040653,WR,Ricky White,9.268347813856998,16.54392610649384,2,11.45102130164805,0.0,0.0,0,249.0,249.0,249.0,19.0,219.0,2025
00-0040556,RB,Corey Kiner,9.19411394372846,21.54764653182509,6,12.900173720157449,0.0,9.3,4,145.0,147.0,146.0,27.0,104.0,2025
00-0036510,TE,Kenny Yeboah,9.122063595712216,21.45670073614644,8,12.822454737842484,0.0,0.0,0,121.0,126.0,123.0,27.0,123.0,2025
00-0040390,WR,Jackson Meeks,8.914373727926154,16.094728832660966,2,11.068480259346597,0.0,0.0,0,250.0,250.0,250.0,19.0,219.0,2025
00-0040406,WR,Quentin Skinner,8.871375967615226,15.53647887571462,2,10.870906840045045,0.0,2.0,1,251.0,251.0,251.0,19.0,216.0,2025
00-0038098,RB,Pierre Strong Jr.,8.768848308023435,17.85196689627684,3,11.493783884499456,0.0,0.0,0,146.0,149.0,148.0,27.0,136.0,2025
00-0032394,TE,Nick Vannett,8.66937072338072,24.864028822786683,14,13.527768153202508,0.0,0.0,0,122.0,118.0,121.0,27.0,123.0,2025
00-0038394,TE,Will Mallory,8.571399027022329,25.40939376906351,17,13.622797449634682,0.0,2.6,1,123.0,117.0,120.0,27.0,113.0,2025
00-0036984,RB,Trey Sermon,8.567040467132907,18.973408304932107,4,11.688950818472666,0.0,0.0,0,147.0,148.0,147.0,27.0,136.0,2025
00-0040205,RB,Kalel Mullings,8.306404598341498,28.41050000672281,17,14.337633220855892,0.0,0.7,3,148.0,143.0,145.0,27.0,130.0,2025
00-0040215,TE,Gavin Bartholomew,8.285397770048926,23.374740982151504,17,12.812200733679699,0.0,0.0,0,124.0,120.0,124.0,27.0,123.0,2025
00-0034054,WR,River Cracraft,7.998148478838711,14.28440628219248,2,9.884025819844842,0.0,0.0,0,252.0,252.0,252.0,19.0,219.0,2025
00-0036360,RB,Clyde Edwards-Helaire,7.402969210335086,15.44794942228419,2,9.816463273919817,0.0,4.199999999999999,2,149.0,151.0,149.0,27.0,119.0,2025
00-0037524,WR,Tay Martin,7.227547422090862,12.900117250850707,2,8.929318370718814,0.0,4.3,2,253.0,253.0,253.0,19.0,200.0,2025
00-0038647,WR,Ronnie Bell,7.048137130733779,12.565205682428347,2,8.703257696242149,0.0,10.3,1,254.0,258.0,254.0,19.0,178.0,2025
00-0037755,TE,Jelani Woods,6.95131270780977,21.568247979390023,17,11.336393289283844,0.0,1.4,2,125.0,125.0,125.0,27.0,117.0,2025
00-0038998,QB,Jake Haener,6.906503111007838,13.969739323849684,1,9.025473974860391,0.0,0.0,0,102.0,102.0,102.0,21.0,74.0,2025
00-0038643,TE,Brayden Willis,6.870480457107727,17.599284827735175,7,10.08912176829596,0.0,0.0,1,126.0,130.0,129.0,27.0,123.0,2025
00-0039702,TE,Mason Pline,6.579961041704955,20.60921588551617,17,10.78873749484832,0.0,0.0,0,127.0,128.0,127.0,27.0,123.0,2025
00-0038564,TE,Cameron Latu,6.464678543817537,22.55552834539529,17,11.291933484290862,0.0,0.0,0,128.0,123.0,126.0,27.0,123.0,2025
00-0034401,QB,Mike White,6.46178439847917,13.573299155937857,1,8.595238825716777,0.0,0.0,0,103.0,104.0,103.0,21.0,74.0,2025
00-0036950,WR,Avery Williams,6.428730488233619,12.848344866922318,1,8.354614801840228,0.0,0.0,0,255.0,254.0,255.0,19.0,219.0,2025
00-0036332,TE,Josiah Deguara,6.408852146416033,19.616160581109504,11,10.371044676824074,0.0,11.1,4,129.0,129.0,128.0,27.0,91.0,2025
00-0040597,WR,Brennan Presley,6.40153530431278,12.727720045737138,1,8.299390726740087,0.0,0.0,0,256.0,255.0,256.0,19.0,219.0,2025
00-0039710,WR,Jeshaun Jones,6.371888097893663,12.714380564898908,1,8.274635837995238,0.0,0.0,0,257.0,256.0,257.0,19.0,219.0,2025
00-0040330,QB,Seth Henigan,6.351178297976894,13.801848901866723,1,8.586379479143844,0.0,0.0,0,104.0,103.0,104.0,21.0,74.0,2025
00-0034411,WR,Russell Gage,6.2902314058389415,12.644992090779242,1,8.196659611321031,0.0,0.0,0,258.0,257.0,258.0,19.0,219.0,2025
00-0037380,WR,Kaden Davis,6.143489522838137,11.387617863856388,2,7.7167280251436114,0.0,0.0,0,259.0,264.0,260.0,19.0,219.0,2025
00-0038582,QB,Clayton Tune,6.097621657030365,13.052225172348862,1,8.184002711625913,0.0,1.9800000000000002,2,105.0,106.0,105.0,21.0,69.0,2025
00-0040753,WR,,6.0305110767408125,12.058694685491949,1,7.838966159366153,0.0,0.0,0,260.0,259.0,259.0,19.0,219.0,2025
00-0038678,RB,Jordan Mims,5.982455186036363,13.32623882428634,2,8.185590277511356,0.0,0.0,0,150.0,153.0,153.0,27.0,136.0,2025
00-0040464,QB,DJ Uiagalelei,5.943721047738467,13.20539693614096,1,8.122223814259215,0.0,0.0,0,106.0,105.0,106.0,21.0,74.0,2025
00-0033439,TE,Pharaoh Brown,5.926044075608818,17.00110595062167,8,9.248562638112674,0.0,2.1,1,130.0,133.0,131.0,27.0,115.0,2025
00-0040570,WR,,5.85168495078489,12.02382054004839,1,7.70332562756394,0.0,0.0,0,261.0,261.0,261.0,19.0,219.0,2025
00-0040275,WR,JP Richardson,5.831664036368767,12.03301743897068,1,7.69207005714934,0.0,0.0,0,262.0,260.0,262.0,19.0,219.0,2025
00-0037098,WR,Samori Toure,5.701782661320294,11.533286067477103,1,7.451233683167336,0.0,1.3,1,263.0,263.0,263.0,19.0,218.0,2025
00-0034317,WR,Keith Kirkwood,5.5809883838196725,11.560393799127151,1,7.374810008411917,0.0,0.0,0,264.0,262.0,264.0,19.0,219.0,2025
00-0036775,WR,Brandon Smith,5.556252832353128,10.540351145920832,2,7.051482326423439,0.0,0.0,0,265.0,270.0,267.0,19.0,219.0,2025
00-0040120,WR,,5.540584462091342,11.256626800422822,1,7.255397163590786,0.0,0.0,0,266.0,265.0,265.0,19.0,219.0,2025
00-0034367,RB,Nyheim Hines,5.526956126931777,14.404566776458784,3,8.190239321789878,0.0,-0.2,1,151.0,152.0,152.0,27.0,168.0,2025
00-0040222,QB,Cam Miller,5.457609135949848,12.337633883466086,1,7.52161656020472,0.0,0.0,0,107.0,107.0,107.0,21.0,74.0,2025
00-0040317,WR,Jacoby Jones,5.434487953198687,11.225402322314489,1,7.171762263933427,0.0,3.5,1,267.0,266.0,266.0,19.0,204.0,2025
00-0039397,WR,Tejhaun Palmer,5.360548833540705,10.754679300495606,1,6.978787973627176,0.0,0.0,0,268.0,269.0,270.0,19.0,219.0,2025
00-0032208,WR,Phillip Dorsett,5.357766370984994,10.959766556209544,1,7.038366426552359,0.0,0.0,0,269.0,268.0,269.0,19.0,219.0,2025
00-0038632,WR,Colton Dowell,5.31093536530728,11.104144431365526,1,7.048898085124754,0.0,0.0,0,270.0,267.0,268.0,19.0,219.0,2025
00-0037311,TE,Ko Kieft,5.16676507080983,21.05545981469188,17,9.933373493974445,0.0,0.0,0,131.0,127.0,130.0,27.0,123.0,2025
00-0034681,RB,Chase Edmonds,5.126729753295412,15.973939176470926,5,8.380892580248066,0.0,0.0,0,152.0,150.0,151.0,27.0,136.0,2025
00-0037015,TE,Sal Cannella,5.009677928677865,10.624712588328505,2,6.694188326573057,0.0,3.1,2,132.0,138.0,133.0,27.0,109.0,2025
00-0036527,WR,DJ Turner,4.967365250813568,9.990600134032674,1,6.474335715779299,0.0,0.0,0,271.0,271.0,271.0,19.0,219.0,2025
00-0040352,WR,Coleman Owen,4.407085686575248,9.277926477796814,1,5.868337923941718,0.0,0.0,1,272.0,272.0,272.0,19.0,219.0,2025
00-0034115,RB,Jeffery Wilson,4.10263169725991,12.773014540699943,3,6.703746550291919,0.0,0.0,0,153.0,154.0,154.0,27.0,136.0,2025
00-0036556,TE,Brevin Jordan,4.0354072652815365,16.700181036060005,10,7.834839396515077,0.0,0.0,0,133.0,134.0,132.0,27.0,123.0,2025
00-0040067,RB,Jacardia Wright,3.8760037756798367,9.366172939148717,1,5.5230545247205,0.0,2.0,1,154.0,159.0,158.0,27.0,125.0,2025
00-0040039,RB,Amar Johnson,3.8379665994754895,11.353182850543432,2,6.092531474795871,0.0,0.8,1,155.0,156.0,155.0,27.0,129.0,2025
00-0023500,RB,Frank Gore,3.805291581299812,10.827229869262244,2,5.911873067688541,0.0,0.0,0,156.0,157.0,157.0,27.0,136.0,2025
00-0035639,WR,Parris Campbell,3.758557348352879,7.937185899969665,1,5.012145913837915,0.0,0.0,0,273.0,273.0,273.0,19.0,219.0,2025
00-0038728,WR,Jared Wayne,3.671464074266977,7.635848417242405,1,4.860779377159606,0.0,4.0,1,274.0,274.0,274.0,19.0,202.0,2025
00-0036463,WR,Chris Blair,3.3655744734552013,7.15231958833192,1,4.501598007918217,0.0,0.0,0,275.0,275.0,275.0,19.0,219.0,2025
00-0038458,RB,Owen Wright,3.355655247661477,11.957394781559708,3,5.936177107830947,0.0,0.6,1,157.0,155.0,156.0,27.0,131.0,2025
00-0037299,RB,Keaontay Ingram,3.3501715558995637,23.511972507480337,17,9.398711841373796,0.0,0.0,0,158.0,144.0,150.0,27.0,136.0,2025
00-0039230,RB,Dante Miller,3.0146751278595127,10.186959073205973,2,5.166360311463451,0.0,0.0,0,159.0,158.0,159.0,27.0,136.0,2025
00-0035976,WR,Dan Chisena,2.89372727252467,6.754001381959238,1,4.05180950535504,0.0,0.0,0,276.0,276.0,276.0,19.0,219.0,2025
00-0038409,RB,Lew Nichols,2.475471940212257,7.608172606234326,1,4.015282140018877,0.0,0.0,0,160.0,162.0,160.0,27.0,136.0,2025
00-0040400,RB,Donovan Edwards,2.336661778202544,7.313686578586152,1,3.8297692183176264,0.0,0.0,0,161.0,165.0,162.0,27.0,136.0,2025
00-0035311,RB,Myles Gaskin,2.3211261034158603,7.590820228694328,1,3.9020343409994007,0.0,0.6,1,162.0,163.0,161.0,27.0,131.0,2025
00-0040387,TE,,2.1187531575678715,7.872845774457511,2,3.8449809426347636,0.0,0.0,0,134.0,144.0,141.0,27.0,123.0,2025
00-0039244,RB,Chris Collier,2.1049665142640626,7.32310479645349,1,3.6704079989208904,0.0,0.0,0,163.0,164.0,163.0,27.0,136.0,2025
00-0039489,TE,Hayden Rucci,1.8521094524674857,9.71260603057072,4,4.210258425898456,0.0,0.0,0,135.0,140.0,139.0,27.0,123.0,2025
00-0038456,TE,Travis Vokolek,1.841756114334988,16.431843837906634,16,6.218782431406481,0.0,0.0,0,136.0,135.0,136.0,27.0,123.0,2025
00-0035956,TE,Giovanni Ricci,1.8302688592169227,9.221368340069494,3,4.047598703472694,0.0,0.0,1,137.0,141.0,140.0,27.0,123.0,2025
00-0037429,RB,Raheem Blackshear,1.821269415777456,6.7611208989479135,1,3.303224860728593,0.0,0.0,0,164.0,166.0,164.0,27.0,136.0,2025
00-0036825,TE,Feleipe Franks,1.6345377376524195,17.137323539643837,17,6.285373478249845,0.0,0.4,2,138.0,131.0,134.0,27.0,122.0,2025
00-0037277,TE,Teagan Quitoriano,1.6253163974050744,17.04411338233603,17,6.250955492884361,0.0,0.0,0,139.0,132.0,135.0,27.0,123.0,2025
00-0039518,TE,,1.6252798066364418,7.567300066221625,3,3.4078858845119964,0.0,0.0,0,140.0,145.0,143.0,27.0,123.0,2025
00-0040331,TE,,1.5788943064378915,5.723093909979011,1,2.822154187500227,0.0,0.0,0,141.0,150.0,145.0,27.0,123.0,2025
00-0035039,TE,Stephen Carlson,1.2775166247535543,8.040865049374872,3,3.3065211521399496,0.0,0.0,0,142.0,143.0,144.0,27.0,123.0,2025
00-0040225,TE,Thomas Fidone,1.26197486484715,16.090419254554547,17,5.710508181759368,0.0,0.0,0,143.0,136.0,137.0,27.0,123.0,2025
00-0040476,RB,Ulysses Bentley,1.1413964452412253,7.923239688012001,2,3.175949418072458,0.0,0.0,1,165.0,161.0,165.0,27.0,136.0,2025
00-0036423,TE,Albert Okwuegbunam,0.9929990672558182,6.0961681451093686,2,2.5239497906118835,0.0,8.6,1,144.0,149.0,147.0,27.0,95.0,2025
00-0037031,TE,Nikola Kalinic,0.9861682376964928,6.623610429579839,2,2.6774008952614965,0.0,0.0,0,145.0,147.0,146.0,27.0,123.0,2025
00-0040240,TE,Caleb Lohner,0.9420852966007456,4.719810579900439,1,2.0754028815906533,0.0,0.0,0,146.0,151.0,150.0,27.0,123.0,2025
00-0036670,RB,Jermar Jefferson,0.9363335427485624,7.935312443904727,2,3.0360272130954113,0.0,0.0,0,166.0,160.0,166.0,27.0,136.0,2025
00-0040244,TE,Moliki Matavao,0.8352992669135243,9.74222394893613,6,3.5073766715203063,0.0,3.0,1,147.0,139.0,142.0,27.0,110.0,2025
00-0038498,TE,E.J. Jenkins,0.7224492700407102,6.345577887533264,2,2.409387855288476,0.0,0.0,0,148.0,148.0,149.0,27.0,123.0,2025
00-0038930,RB,Carlos Washington,0.6309746733323153,5.465259191130686,1,2.0812600286718266,0.0,0.0,0,167.0,167.0,167.0,27.0,136.0,2025
00-0040488,TE,Carter Runyon,0.4939250154152179,13.803470050442233,14,4.4867885259233224,0.0,1.3,1,149.0,137.0,138.0,27.0,119.0,2025
00-0036145,TE,Lawrence Cager,0.481006197861079,3.896433550595131,1,1.5056344036812945,0.0,0.0,0,150.0,152.0,152.0,27.0,123.0,2025
00-0037078,TE,Cole Turner,0.4650307169843923,3.8788831121232503,1,1.4891864355260496,0.0,0.0,0,151.0,153.0,153.0,27.0,123.0,2025
00-0038145,TE,,0.1932959221934152,3.705305717773861,1,1.2468988608675489,0.0,0.0,0,152.0,155.0,154.0,27.0,123.0,2025
00-0040046,TE,,0.118516175140283,3.5769141492224694,1,1.1560355673649387,0.0,0.0,0,153.0,156.0,155.0,27.0,123.0,2025
00-0024243,TE,Marcedes Lewis,0.0968772379894224,8.177293088431721,4,2.521001993122112,0.0,0.0,0,154.0,142.0,148.0,27.0,123.0,2025
00-0036569,RB,Gary Brightwell,0.0809800911081378,4.9798639765791615,1,1.5506452567494449,0.0,0.0,0,168.0,168.0,168.0,27.0,136.0,2025
00-0036032,TE,Sean McKeon,0.0373420825783814,3.4345174083619754,1,1.0564946803134596,0.0,0.0,0,155.0,157.0,157.0,27.0,123.0,2025
00-0036640,TE,Zach Davidson,-0.0068159497105397,3.743059173602636,1,1.1181465872834129,0.0,0.0,0,156.0,154.0,156.0,27.0,123.0,2025
00-0039266,RB,Kendall Milton,-0.1847554962248935,4.6194460975346905,1,1.2565049819029817,0.0,0.2,1,169.0,169.0,169.0,27.0,135.0,2025
00-0034970,TE,Irv Smith,-0.3389011232028183,7.158911492389721,4,1.9104426614749435,0.0,0.0,0,157.0,146.0,151.0,27.0,123.0,2025
00-0040628,TE,Drake Dabney,-0.8463822454044104,2.49741626636712,1,0.1567573081270488,0.0,1.3,1,158.0,158.0,158.0,27.0,119.0,2025
